﻿Party,Year,Gas,Sector,Value,Unit
ARE,1994,CH4,agriculture & waste,0.1567,Tg CH4
ARE,1994,CH4,anthropogenic,0.5537,Tg CH4
ARE,1994,CH4,fossil,0.397,Tg CH4
ARE,2000,CH4,agriculture & waste,0.201,Tg CH4
ARE,2000,CH4,anthropogenic,0.998,Tg CH4
ARE,2000,CH4,fossil,0.797,Tg CH4
ARE,2005,CH4,agriculture & waste,0.414,Tg CH4
ARE,2005,CH4,anthropogenic,1.425,Tg CH4
ARE,2005,CH4,fossil,1.011,Tg CH4
ARE,2014,CH4,agriculture & waste,0.49438,Tg CH4
ARE,2014,CH4,anthropogenic,0.50209,Tg CH4
ARE,2014,CH4,fossil,0.00752,Tg CH4
ARG,1990,CH4,agriculture & waste,3.46541,Tg CH4
ARG,1990,CH4,anthropogenic,3.64805,Tg CH4
ARG,1990,CH4,fossil,0.18264,Tg CH4
ARG,1991,CH4,agriculture & waste,3.52002,Tg CH4
ARG,1991,CH4,anthropogenic,3.71461,Tg CH4
ARG,1991,CH4,fossil,0.19459,Tg CH4
ARG,1992,CH4,agriculture & waste,3.58195,Tg CH4
ARG,1992,CH4,anthropogenic,3.78227,Tg CH4
ARG,1992,CH4,fossil,0.20032,Tg CH4
ARG,1993,CH4,agriculture & waste,3.6714,Tg CH4
ARG,1993,CH4,anthropogenic,3.88305,Tg CH4
ARG,1993,CH4,fossil,0.21165,Tg CH4
ARG,1994,CH4,agriculture & waste,3.57288,Tg CH4
ARG,1994,CH4,anthropogenic,3.80109,Tg CH4
ARG,1994,CH4,fossil,0.22821,Tg CH4
ARG,1995,CH4,agriculture & waste,3.53944,Tg CH4
ARG,1995,CH4,anthropogenic,3.78491,Tg CH4
ARG,1995,CH4,fossil,0.24547,Tg CH4
ARG,1996,CH4,agriculture & waste,3.43401,Tg CH4
ARG,1996,CH4,anthropogenic,3.71121,Tg CH4
ARG,1996,CH4,fossil,0.2772,Tg CH4
ARG,1997,CH4,agriculture & waste,3.40427,Tg CH4
ARG,1997,CH4,anthropogenic,3.69683,Tg CH4
ARG,1997,CH4,fossil,0.29256,Tg CH4
ARG,1998,CH4,agriculture & waste,3.31092,Tg CH4
ARG,1998,CH4,anthropogenic,3.61603,Tg CH4
ARG,1998,CH4,fossil,0.30511,Tg CH4
ARG,1999,CH4,agriculture & waste,3.42249,Tg CH4
ARG,1999,CH4,anthropogenic,3.7309,Tg CH4
ARG,1999,CH4,fossil,0.30841,Tg CH4
ARG,2000,CH4,agriculture & waste,3.59503,Tg CH4
ARG,2000,CH4,anthropogenic,3.92382,Tg CH4
ARG,2000,CH4,fossil,0.32879,Tg CH4
ARG,2001,CH4,agriculture & waste,3.67877,Tg CH4
ARG,2001,CH4,anthropogenic,4.0256,Tg CH4
ARG,2001,CH4,fossil,0.34683,Tg CH4
ARG,2002,CH4,agriculture & waste,3.66773,Tg CH4
ARG,2002,CH4,anthropogenic,4.00255,Tg CH4
ARG,2002,CH4,fossil,0.33482,Tg CH4
ARG,2003,CH4,agriculture & waste,3.77969,Tg CH4
ARG,2003,CH4,anthropogenic,4.14196,Tg CH4
ARG,2003,CH4,fossil,0.36227,Tg CH4
ARG,2004,CH4,agriculture & waste,3.64868,Tg CH4
ARG,2004,CH4,anthropogenic,4.01756,Tg CH4
ARG,2004,CH4,fossil,0.36888,Tg CH4
ARG,2005,CH4,agriculture & waste,3.6964,Tg CH4
ARG,2005,CH4,anthropogenic,4.05677,Tg CH4
ARG,2005,CH4,fossil,0.36037,Tg CH4
ARG,2006,CH4,agriculture & waste,3.72411,Tg CH4
ARG,2006,CH4,anthropogenic,4.08854,Tg CH4
ARG,2006,CH4,fossil,0.36443,Tg CH4
ARG,2007,CH4,agriculture & waste,3.69353,Tg CH4
ARG,2007,CH4,anthropogenic,4.05473,Tg CH4
ARG,2007,CH4,fossil,0.3612,Tg CH4
ARG,2008,CH4,agriculture & waste,3.60243,Tg CH4
ARG,2008,CH4,anthropogenic,3.96117,Tg CH4
ARG,2008,CH4,fossil,0.35874,Tg CH4
ARG,2009,CH4,agriculture & waste,3.42071,Tg CH4
ARG,2009,CH4,anthropogenic,3.76512,Tg CH4
ARG,2009,CH4,fossil,0.34441,Tg CH4
ARG,2010,CH4,agriculture & waste,3.20274,Tg CH4
ARG,2010,CH4,anthropogenic,3.53922,Tg CH4
ARG,2010,CH4,fossil,0.33648,Tg CH4
ARG,2011,CH4,agriculture & waste,3.16799,Tg CH4
ARG,2011,CH4,anthropogenic,3.49617,Tg CH4
ARG,2011,CH4,fossil,0.32818,Tg CH4
ARG,2012,CH4,agriculture & waste,3.30821,Tg CH4
ARG,2012,CH4,anthropogenic,3.62865,Tg CH4
ARG,2012,CH4,fossil,0.32044,Tg CH4
ARG,2013,CH4,agriculture & waste,3.38142,Tg CH4
ARG,2013,CH4,anthropogenic,3.68852,Tg CH4
ARG,2013,CH4,fossil,0.3071,Tg CH4
ARG,2014,CH4,agriculture & waste,3.38439,Tg CH4
ARG,2014,CH4,anthropogenic,3.68919,Tg CH4
ARG,2014,CH4,fossil,0.3048,Tg CH4
ARG,2015,CH4,agriculture & waste,3.40776,Tg CH4
ARG,2015,CH4,anthropogenic,3.72072,Tg CH4
ARG,2015,CH4,fossil,0.31296,Tg CH4
ARG,2016,CH4,agriculture & waste,3.44447,Tg CH4
ARG,2016,CH4,anthropogenic,3.76754,Tg CH4
ARG,2016,CH4,fossil,0.32307,Tg CH4
AUS,1990,CH4,agriculture & waste,3.635993779,Tg CH4
AUS,1990,CH4,anthropogenic,4.930150374,Tg CH4
AUS,1990,CH4,fossil,1.185379936,Tg CH4
AUS,1991,CH4,agriculture & waste,3.611858884,Tg CH4
AUS,1991,CH4,anthropogenic,4.892790508,Tg CH4
AUS,1991,CH4,fossil,1.16964016,Tg CH4
AUS,1992,CH4,agriculture & waste,3.511380909,Tg CH4
AUS,1992,CH4,anthropogenic,4.851197902,Tg CH4
AUS,1992,CH4,fossil,1.22658241,Tg CH4
AUS,1993,CH4,agriculture & waste,3.418707004,Tg CH4
AUS,1993,CH4,anthropogenic,4.725777522,Tg CH4
AUS,1993,CH4,fossil,1.191734675,Tg CH4
AUS,1994,CH4,agriculture & waste,3.373318703,Tg CH4
AUS,1994,CH4,anthropogenic,4.611789218,Tg CH4
AUS,1994,CH4,fossil,1.124462246,Tg CH4
AUS,1995,CH4,agriculture & waste,3.271696841,Tg CH4
AUS,1995,CH4,anthropogenic,4.554443914,Tg CH4
AUS,1995,CH4,fossil,1.178871425,Tg CH4
AUS,1996,CH4,agriculture & waste,3.249642858,Tg CH4
AUS,1996,CH4,anthropogenic,4.527678335,Tg CH4
AUS,1996,CH4,fossil,1.173133815,Tg CH4
AUS,1997,CH4,agriculture & waste,3.253165153,Tg CH4
AUS,1997,CH4,anthropogenic,4.640085351,Tg CH4
AUS,1997,CH4,fossil,1.282142331,Tg CH4
AUS,1998,CH4,agriculture & waste,3.21317027,Tg CH4
AUS,1998,CH4,anthropogenic,4.607141959,Tg CH4
AUS,1998,CH4,fossil,1.297712978,Tg CH4
AUS,1999,CH4,agriculture & waste,3.194516399,Tg CH4
AUS,1999,CH4,anthropogenic,4.48074717,Tg CH4
AUS,1999,CH4,fossil,1.195419808,Tg CH4
AUS,2000,CH4,agriculture & waste,3.262030579,Tg CH4
AUS,2000,CH4,anthropogenic,4.636182767,Tg CH4
AUS,2000,CH4,fossil,1.291228311,Tg CH4
AUS,2001,CH4,agriculture & waste,3.232716281,Tg CH4
AUS,2001,CH4,anthropogenic,4.590873756,Tg CH4
AUS,2001,CH4,fossil,1.276617579,Tg CH4
AUS,2002,CH4,agriculture & waste,3.221018974,Tg CH4
AUS,2002,CH4,anthropogenic,4.521457013,Tg CH4
AUS,2002,CH4,fossil,1.230971065,Tg CH4
AUS,2003,CH4,agriculture & waste,3.03467691,Tg CH4
AUS,2003,CH4,anthropogenic,4.286203287,Tg CH4
AUS,2003,CH4,fossil,1.190230663,Tg CH4
AUS,2004,CH4,agriculture & waste,3.083867237,Tg CH4
AUS,2004,CH4,anthropogenic,4.339669527,Tg CH4
AUS,2004,CH4,fossil,1.189335478,Tg CH4
AUS,2005,CH4,agriculture & waste,3.116308963,Tg CH4
AUS,2005,CH4,anthropogenic,4.424227489,Tg CH4
AUS,2005,CH4,fossil,1.248110467,Tg CH4
AUS,2006,CH4,agriculture & waste,3.050264651,Tg CH4
AUS,2006,CH4,anthropogenic,4.384925158,Tg CH4
AUS,2006,CH4,fossil,1.274039389,Tg CH4
AUS,2007,CH4,agriculture & waste,2.983416812,Tg CH4
AUS,2007,CH4,anthropogenic,4.391922082,Tg CH4
AUS,2007,CH4,fossil,1.355989488,Tg CH4
AUS,2008,CH4,agriculture & waste,2.903785846,Tg CH4
AUS,2008,CH4,anthropogenic,4.312603865,Tg CH4
AUS,2008,CH4,fossil,1.356833985,Tg CH4
AUS,2009,CH4,agriculture & waste,2.883664314,Tg CH4
AUS,2009,CH4,anthropogenic,4.266828768,Tg CH4
AUS,2009,CH4,fossil,1.332285164,Tg CH4
AUS,2010,CH4,agriculture & waste,2.801332975,Tg CH4
AUS,2010,CH4,anthropogenic,4.166687949,Tg CH4
AUS,2010,CH4,fossil,1.317360903,Tg CH4
AUS,2011,CH4,agriculture & waste,2.904960129,Tg CH4
AUS,2011,CH4,anthropogenic,4.228573335,Tg CH4
AUS,2011,CH4,fossil,1.274312791,Tg CH4
AUS,2012,CH4,agriculture & waste,2.887986086,Tg CH4
AUS,2012,CH4,anthropogenic,4.231599157,Tg CH4
AUS,2012,CH4,fossil,1.294213156,Tg CH4
AUS,2013,CH4,agriculture & waste,2.880416489,Tg CH4
AUS,2013,CH4,anthropogenic,4.216460619,Tg CH4
AUS,2013,CH4,fossil,1.287294803,Tg CH4
AUS,2014,CH4,agriculture & waste,2.859086171,Tg CH4
AUS,2014,CH4,anthropogenic,4.106649032,Tg CH4
AUS,2014,CH4,fossil,1.200226508,Tg CH4
AUS,2015,CH4,agriculture & waste,2.744014952,Tg CH4
AUS,2015,CH4,anthropogenic,4.121183972,Tg CH4
AUS,2015,CH4,fossil,1.33154711,Tg CH4
AUS,2016,CH4,agriculture & waste,2.717760935,Tg CH4
AUS,2016,CH4,anthropogenic,4.107008293,Tg CH4
AUS,2016,CH4,fossil,1.344792328,Tg CH4
AUS,2017,CH4,agriculture & waste,2.801685594,Tg CH4
AUS,2017,CH4,anthropogenic,4.174542183,Tg CH4
AUS,2017,CH4,fossil,1.323955757,Tg CH4
AUS,2018,CH4,agriculture & waste,2.803230713,Tg CH4
AUS,2018,CH4,anthropogenic,4.204457905,Tg CH4
AUS,2018,CH4,fossil,1.356560336,Tg CH4
AUS,2019,CH4,agriculture & waste,2.631873546,Tg CH4
AUS,2019,CH4,anthropogenic,3.956152685,Tg CH4
AUS,2019,CH4,fossil,1.28330832,Tg CH4
BGD,1994,CH4,agriculture & waste,1.190215,Tg CH4
BGD,1994,CH4,anthropogenic,1.190841,Tg CH4
BGD,1994,CH4,fossil,0.000626,Tg CH4
BGD,2001,CH4,agriculture & waste,1.66314,Tg CH4
BGD,2001,CH4,anthropogenic,1.68304,Tg CH4
BGD,2001,CH4,fossil,0.0199,Tg CH4
BGD,2005,CH4,agriculture & waste,1.85327,Tg CH4
BGD,2005,CH4,anthropogenic,1.8793,Tg CH4
BGD,2005,CH4,fossil,0.02603,Tg CH4
BGD,2012,CH4,agriculture & waste,2.14876,Tg CH4
BGD,2012,CH4,anthropogenic,2.24194,Tg CH4
BGD,2012,CH4,fossil,0.09178,Tg CH4
BHR,1994,CH4,agriculture & waste,0.11164,Tg CH4
BHR,1994,CH4,anthropogenic,0.14024,Tg CH4
BHR,1994,CH4,fossil,0.02858,Tg CH4
BHR,2000,CH4,agriculture & waste,0.124,Tg CH4
BHR,2000,CH4,anthropogenic,0.186,Tg CH4
BHR,2000,CH4,fossil,0.062,Tg CH4
BHR,2006,CH4,agriculture & waste,0.0109,Tg CH4
BHR,2006,CH4,anthropogenic,0.0285,Tg CH4
BHR,2006,CH4,fossil,0.0176,Tg CH4
BRA,1990,CH4,agriculture & waste,10.4412,Tg CH4
BRA,1990,CH4,anthropogenic,11.032,Tg CH4
BRA,1990,CH4,fossil,0.1789,Tg CH4
BRA,1991,CH4,agriculture & waste,10.7819,Tg CH4
BRA,1991,CH4,anthropogenic,11.3708,Tg CH4
BRA,1991,CH4,fossil,0.1761,Tg CH4
BRA,1992,CH4,agriculture & waste,11.0008,Tg CH4
BRA,1992,CH4,anthropogenic,11.5719,Tg CH4
BRA,1992,CH4,fossil,0.1629,Tg CH4
BRA,1993,CH4,agriculture & waste,11.09,Tg CH4
BRA,1993,CH4,anthropogenic,11.6279,Tg CH4
BRA,1993,CH4,fossil,0.1705,Tg CH4
BRA,1994,CH4,agriculture & waste,11.3262,Tg CH4
BRA,1994,CH4,anthropogenic,11.8599,Tg CH4
BRA,1994,CH4,fossil,0.1721,Tg CH4
BRA,1995,CH4,agriculture & waste,11.5729,Tg CH4
BRA,1995,CH4,anthropogenic,12.0814,Tg CH4
BRA,1995,CH4,fossil,0.1678,Tg CH4
BRA,1996,CH4,agriculture & waste,11.3035,Tg CH4
BRA,1996,CH4,anthropogenic,11.7981,Tg CH4
BRA,1996,CH4,fossil,0.1549,Tg CH4
BRA,1997,CH4,agriculture & waste,11.5081,Tg CH4
BRA,1997,CH4,anthropogenic,12.0156,Tg CH4
BRA,1997,CH4,fossil,0.167,Tg CH4
BRA,1998,CH4,agriculture & waste,11.6377,Tg CH4
BRA,1998,CH4,anthropogenic,12.153,Tg CH4
BRA,1998,CH4,fossil,0.1718,Tg CH4
BRA,1999,CH4,agriculture & waste,11.8543,Tg CH4
BRA,1999,CH4,anthropogenic,12.3854,Tg CH4
BRA,1999,CH4,fossil,0.1854,Tg CH4
BRA,2000,CH4,agriculture & waste,12.1811,Tg CH4
BRA,2000,CH4,anthropogenic,12.7284,Tg CH4
BRA,2000,CH4,fossil,0.2034,Tg CH4
BRA,2001,CH4,agriculture & waste,12.6108,Tg CH4
BRA,2001,CH4,anthropogenic,13.1844,Tg CH4
BRA,2001,CH4,fossil,0.222,Tg CH4
BRA,2002,CH4,agriculture & waste,13.0555,Tg CH4
BRA,2002,CH4,anthropogenic,13.6604,Tg CH4
BRA,2002,CH4,fossil,0.2194,Tg CH4
BRA,2003,CH4,agriculture & waste,13.6812,Tg CH4
BRA,2003,CH4,anthropogenic,14.2882,Tg CH4
BRA,2003,CH4,fossil,0.2074,Tg CH4
BRA,2004,CH4,agriculture & waste,14.253,Tg CH4
BRA,2004,CH4,anthropogenic,14.9045,Tg CH4
BRA,2004,CH4,fossil,0.2456,Tg CH4
BRA,2005,CH4,agriculture & waste,14.4832,Tg CH4
BRA,2005,CH4,anthropogenic,15.2136,Tg CH4
BRA,2005,CH4,fossil,0.3187,Tg CH4
BRA,2006,CH4,agriculture & waste,14.4839,Tg CH4
BRA,2006,CH4,anthropogenic,15.1813,Tg CH4
BRA,2006,CH4,fossil,0.2873,Tg CH4
BRA,2007,CH4,agriculture & waste,13.9553,Tg CH4
BRA,2007,CH4,anthropogenic,14.6423,Tg CH4
BRA,2007,CH4,fossil,0.293,Tg CH4
BRA,2008,CH4,agriculture & waste,14.2366,Tg CH4
BRA,2008,CH4,anthropogenic,14.9258,Tg CH4
BRA,2008,CH4,fossil,0.2989,Tg CH4
BRA,2009,CH4,agriculture & waste,14.4716,Tg CH4
BRA,2009,CH4,anthropogenic,15.1914,Tg CH4
BRA,2009,CH4,fossil,0.3414,Tg CH4
BRA,2010,CH4,agriculture & waste,14.8272,Tg CH4
BRA,2010,CH4,anthropogenic,15.4931,Tg CH4
BRA,2010,CH4,fossil,0.2951,Tg CH4
BRA,2011,CH4,agriculture & waste,15.1911,Tg CH4
BRA,2011,CH4,anthropogenic,15.811,Tg CH4
BRA,2011,CH4,fossil,0.2786,Tg CH4
BRA,2012,CH4,agriculture & waste,15.0882,Tg CH4
BRA,2012,CH4,anthropogenic,15.7162,Tg CH4
BRA,2012,CH4,fossil,0.2873,Tg CH4
BRA,2013,CH4,agriculture & waste,15.3906,Tg CH4
BRA,2013,CH4,anthropogenic,16.0319,Tg CH4
BRA,2013,CH4,fossil,0.3297,Tg CH4
BRA,2014,CH4,agriculture & waste,15.5066,Tg CH4
BRA,2014,CH4,anthropogenic,16.1696,Tg CH4
BRA,2014,CH4,fossil,0.3362,Tg CH4
BRA,2015,CH4,agriculture & waste,15.7392,Tg CH4
BRA,2015,CH4,anthropogenic,16.4048,Tg CH4
BRA,2015,CH4,fossil,0.3343,Tg CH4
BRA,2016,CH4,agriculture & waste,15.9556,Tg CH4
BRA,2016,CH4,anthropogenic,16.5969,Tg CH4
BRA,2016,CH4,fossil,0.3245,Tg CH4
CHN,1994,CH4,agriculture & waste,24.916,Tg CH4
CHN,1994,CH4,anthropogenic,34.287,Tg CH4
CHN,1994,CH4,fossil,9.371,Tg CH4
CHN,2005,CH4,agriculture & waste,24.38095238,Tg CH4
CHN,2005,CH4,anthropogenic,48.04761905,Tg CH4
CHN,2005,CH4,fossil,23.66666667,Tg CH4
CHN,2010,CH4,agriculture & waste,26.814,Tg CH4
CHN,2010,CH4,anthropogenic,53.652,Tg CH4
CHN,2010,CH4,fossil,26.035,Tg CH4
CHN,2012,CH4,agriculture & waste,28.309,Tg CH4
CHN,2012,CH4,anthropogenic,55.9,Tg CH4
CHN,2012,CH4,fossil,26.833,Tg CH4
CHN,2014,CH4,agriculture & waste,28.808,Tg CH4
CHN,2014,CH4,anthropogenic,53.57,Tg CH4
CHN,2014,CH4,fossil,23.985,Tg CH4
EUA,1990,CH4,agriculture & waste,20.51700147,Tg CH4
EUA,1990,CH4,anthropogenic,28.50089318,Tg CH4
EUA,1990,CH4,fossil,7.00697217,Tg CH4
EUA,1991,CH4,agriculture & waste,20.16136267,Tg CH4
EUA,1991,CH4,anthropogenic,27.72618428,Tg CH4
EUA,1991,CH4,fossil,6.573739291,Tg CH4
EUA,1992,CH4,agriculture & waste,19.85900782,Tg CH4
EUA,1992,CH4,anthropogenic,27.16178655,Tg CH4
EUA,1992,CH4,fossil,6.383335484,Tg CH4
EUA,1993,CH4,agriculture & waste,19.64497079,Tg CH4
EUA,1993,CH4,anthropogenic,26.82845569,Tg CH4
EUA,1993,CH4,fossil,6.246666996,Tg CH4
EUA,1994,CH4,agriculture & waste,19.52402578,Tg CH4
EUA,1994,CH4,anthropogenic,26.19597026,Tg CH4
EUA,1994,CH4,fossil,5.830577459,Tg CH4
EUA,1995,CH4,agriculture & waste,19.52055061,Tg CH4
EUA,1995,CH4,anthropogenic,26.17743476,Tg CH4
EUA,1995,CH4,fossil,5.83569701,Tg CH4
EUA,1996,CH4,agriculture & waste,19.50156032,Tg CH4
EUA,1996,CH4,anthropogenic,26.02858871,Tg CH4
EUA,1996,CH4,fossil,5.637906239,Tg CH4
EUA,1997,CH4,agriculture & waste,19.30210661,Tg CH4
EUA,1997,CH4,anthropogenic,25.80535639,Tg CH4
EUA,1997,CH4,fossil,5.679591446,Tg CH4
EUA,1998,CH4,agriculture & waste,19.0854208,Tg CH4
EUA,1998,CH4,anthropogenic,25.18297719,Tg CH4
EUA,1998,CH4,fossil,5.322139994,Tg CH4
EUA,1999,CH4,agriculture & waste,18.81120017,Tg CH4
EUA,1999,CH4,anthropogenic,24.70284783,Tg CH4
EUA,1999,CH4,fossil,5.147283693,Tg CH4
EUA,2000,CH4,agriculture & waste,18.57314949,Tg CH4
EUA,2000,CH4,anthropogenic,23.83331367,Tg CH4
EUA,2000,CH4,fossil,4.554963196,Tg CH4
EUA,2001,CH4,agriculture & waste,18.31172303,Tg CH4
EUA,2001,CH4,anthropogenic,23.41729773,Tg CH4
EUA,2001,CH4,fossil,4.420640669,Tg CH4
EUA,2002,CH4,agriculture & waste,17.98825197,Tg CH4
EUA,2002,CH4,anthropogenic,22.96978056,Tg CH4
EUA,2002,CH4,fossil,4.340447007,Tg CH4
EUA,2003,CH4,agriculture & waste,17.711554,Tg CH4
EUA,2003,CH4,anthropogenic,22.65540944,Tg CH4
EUA,2003,CH4,fossil,4.269216785,Tg CH4
EUA,2004,CH4,agriculture & waste,17.26556468,Tg CH4
EUA,2004,CH4,anthropogenic,21.91509869,Tg CH4
EUA,2004,CH4,fossil,4.003903952,Tg CH4
EUA,2005,CH4,agriculture & waste,16.93398006,Tg CH4
EUA,2005,CH4,anthropogenic,21.47061974,Tg CH4
EUA,2005,CH4,fossil,3.871290239,Tg CH4
EUA,2006,CH4,agriculture & waste,16.64468854,Tg CH4
EUA,2006,CH4,anthropogenic,20.98888018,Tg CH4
EUA,2006,CH4,fossil,3.663829788,Tg CH4
EUA,2007,CH4,agriculture & waste,16.43266476,Tg CH4
EUA,2007,CH4,anthropogenic,20.63766639,Tg CH4
EUA,2007,CH4,fossil,3.488957568,Tg CH4
EUA,2008,CH4,agriculture & waste,15.99615551,Tg CH4
EUA,2008,CH4,anthropogenic,20.17340199,Tg CH4
EUA,2008,CH4,fossil,3.426142267,Tg CH4
EUA,2009,CH4,agriculture & waste,15.72199477,Tg CH4
EUA,2009,CH4,anthropogenic,19.68261331,Tg CH4
EUA,2009,CH4,fossil,3.200396793,Tg CH4
EUA,2010,CH4,agriculture & waste,15.27894582,Tg CH4
EUA,2010,CH4,anthropogenic,19.25822349,Tg CH4
EUA,2010,CH4,fossil,3.173459566,Tg CH4
EUA,2011,CH4,agriculture & waste,15.0043176,Tg CH4
EUA,2011,CH4,anthropogenic,18.851548,Tg CH4
EUA,2011,CH4,fossil,3.126963844,Tg CH4
EUA,2012,CH4,agriculture & waste,14.79097941,Tg CH4
EUA,2012,CH4,anthropogenic,18.69307215,Tg CH4
EUA,2012,CH4,fossil,3.116858113,Tg CH4
EUA,2013,CH4,agriculture & waste,14.55190662,Tg CH4
EUA,2013,CH4,anthropogenic,18.29761843,Tg CH4
EUA,2013,CH4,fossil,2.97754195,Tg CH4
EUA,2014,CH4,agriculture & waste,14.42524941,Tg CH4
EUA,2014,CH4,anthropogenic,17.99250221,Tg CH4
EUA,2014,CH4,fossil,2.883681317,Tg CH4
EUA,2015,CH4,agriculture & waste,14.40924454,Tg CH4
EUA,2015,CH4,anthropogenic,17.9708974,Tg CH4
EUA,2015,CH4,fossil,2.85387147,Tg CH4
EUA,2016,CH4,agriculture & waste,14.2750692,Tg CH4
EUA,2016,CH4,anthropogenic,17.72617693,Tg CH4
EUA,2016,CH4,fossil,2.741476015,Tg CH4
EUA,2017,CH4,agriculture & waste,14.24982758,Tg CH4
EUA,2017,CH4,anthropogenic,17.69864892,Tg CH4
EUA,2017,CH4,fossil,2.734578245,Tg CH4
EUA,2018,CH4,agriculture & waste,14.14204324,Tg CH4
EUA,2018,CH4,anthropogenic,17.46250361,Tg CH4
EUA,2018,CH4,fossil,2.629501874,Tg CH4
EUA,2019,CH4,agriculture & waste,14.02809054,Tg CH4
EUA,2019,CH4,anthropogenic,17.14763231,Tg CH4
EUA,2019,CH4,fossil,2.447586729,Tg CH4
IDN,1990,CH4,agriculture & waste,3.16476,Tg CH4
IDN,1990,CH4,anthropogenic,5.053,Tg CH4
IDN,1990,CH4,fossil,1.57087,Tg CH4
IDN,1991,CH4,agriculture & waste,3.58072,Tg CH4
IDN,1991,CH4,anthropogenic,5.6922,Tg CH4
IDN,1991,CH4,fossil,1.78742,Tg CH4
IDN,1992,CH4,agriculture & waste,3.60364,Tg CH4
IDN,1992,CH4,anthropogenic,5.82624,Tg CH4
IDN,1992,CH4,fossil,1.89057,Tg CH4
IDN,1993,CH4,agriculture & waste,3.6265,Tg CH4
IDN,1993,CH4,anthropogenic,5.91704,Tg CH4
IDN,1993,CH4,fossil,1.95007,Tg CH4
IDN,1994,CH4,agriculture & waste,3.64576,Tg CH4
IDN,1994,CH4,anthropogenic,6.042,Tg CH4
IDN,1994,CH4,fossil,2.04923,Tg CH4
IDN,2000,CH4,agriculture & waste,9.71258,Tg CH4
IDN,2000,CH4,anthropogenic,11.15443333,Tg CH4
IDN,2000,CH4,fossil,1.011453333,Tg CH4
IDN,2012,CH4,agriculture & waste,7.026820952,Tg CH4
IDN,2012,CH4,anthropogenic,8.22898,Tg CH4
IDN,2012,CH4,fossil,1.170159048,Tg CH4
IDN,2014,CH4,agriculture & waste,7.23447619,Tg CH4
IDN,2014,CH4,anthropogenic,8.547809524,Tg CH4
IDN,2014,CH4,fossil,1.288333333,Tg CH4
IDN,2016,CH4,agriculture & waste,7.985619048,Tg CH4
IDN,2016,CH4,anthropogenic,9.228619048,Tg CH4
IDN,2016,CH4,fossil,1.218,Tg CH4
IND,1994,CH4,agriculture & waste,15.178,Tg CH4
IND,1994,CH4,anthropogenic,18.076,Tg CH4
IND,1994,CH4,fossil,1.262,Tg CH4
IND,2000,CH4,agriculture & waste,16.39549,Tg CH4
IND,2000,CH4,anthropogenic,19.3923,Tg CH4
IND,2000,CH4,fossil,1.37831,Tg CH4
IND,2010,CH4,agriculture & waste,17.06588,Tg CH4
IND,2010,CH4,anthropogenic,19.62316,Tg CH4
IND,2010,CH4,fossil,2.39556,Tg CH4
IND,2014,CH4,agriculture & waste,17.69413,Tg CH4
IND,2014,CH4,anthropogenic,20.00535,Tg CH4
IND,2014,CH4,fossil,2.06753,Tg CH4
IND,2016,CH4,agriculture & waste,17.243,Tg CH4
IND,2016,CH4,anthropogenic,19.50145,Tg CH4
IND,2016,CH4,fossil,2.01945,Tg CH4
IRN,1994,CH4,agriculture & waste,0.969805,Tg CH4
IRN,1994,CH4,anthropogenic,2.530685,Tg CH4
IRN,1994,CH4,fossil,1.54496,Tg CH4
IRN,2000,CH4,agriculture & waste,1.80098,Tg CH4
IRN,2000,CH4,anthropogenic,3.60542,Tg CH4
IRN,2000,CH4,fossil,1.79132,Tg CH4
IRN,2010,CH4,agriculture & waste,2.2928,Tg CH4
IRN,2010,CH4,anthropogenic,6.3312,Tg CH4
IRN,2010,CH4,fossil,4.0384,Tg CH4
IRQ,1997,CH4,agriculture & waste,0.297,Tg CH4
IRQ,1997,CH4,anthropogenic,0.319,Tg CH4
IRQ,1997,CH4,fossil,0.022,Tg CH4
KAZ,1990,CH4,agriculture & waste,1.26242246,Tg CH4
KAZ,1990,CH4,anthropogenic,3.430955663,Tg CH4
KAZ,1990,CH4,fossil,2.118015417,Tg CH4
KAZ,1991,CH4,agriculture & waste,1.23411783,Tg CH4
KAZ,1991,CH4,anthropogenic,3.228761288,Tg CH4
KAZ,1991,CH4,fossil,1.939968467,Tg CH4
KAZ,1992,CH4,agriculture & waste,1.20433794,Tg CH4
KAZ,1992,CH4,anthropogenic,3.112767901,Tg CH4
KAZ,1992,CH4,fossil,1.836946852,Tg CH4
KAZ,1993,CH4,agriculture & waste,1.17144947,Tg CH4
KAZ,1993,CH4,anthropogenic,2.837397916,Tg CH4
KAZ,1993,CH4,fossil,1.611830916,Tg CH4
KAZ,1994,CH4,agriculture & waste,0.94509998,Tg CH4
KAZ,1994,CH4,anthropogenic,2.388573509,Tg CH4
KAZ,1994,CH4,fossil,1.407873485,Tg CH4
KAZ,1995,CH4,agriculture & waste,0.83172713,Tg CH4
KAZ,1995,CH4,anthropogenic,2.040302859,Tg CH4
KAZ,1995,CH4,fossil,1.176455477,Tg CH4
KAZ,1996,CH4,agriculture & waste,0.66780399,Tg CH4
KAZ,1996,CH4,anthropogenic,1.920991343,Tg CH4
KAZ,1996,CH4,fossil,1.222034831,Tg CH4
KAZ,1997,CH4,agriculture & waste,0.57131094,Tg CH4
KAZ,1997,CH4,anthropogenic,1.957648954,Tg CH4
KAZ,1997,CH4,fossil,1.356103392,Tg CH4
KAZ,1998,CH4,agriculture & waste,0.5425685,Tg CH4
KAZ,1998,CH4,anthropogenic,1.995412641,Tg CH4
KAZ,1998,CH4,fossil,1.425855329,Tg CH4
KAZ,1999,CH4,agriculture & waste,0.56662206,Tg CH4
KAZ,1999,CH4,anthropogenic,1.892983001,Tg CH4
KAZ,1999,CH4,fossil,1.315316759,Tg CH4
KAZ,2000,CH4,agriculture & waste,0.57589527,Tg CH4
KAZ,2000,CH4,anthropogenic,2.073444393,Tg CH4
KAZ,2000,CH4,fossil,1.487107524,Tg CH4
KAZ,2001,CH4,agriculture & waste,0.58731639,Tg CH4
KAZ,2001,CH4,anthropogenic,2.019648996,Tg CH4
KAZ,2001,CH4,fossil,1.418978714,Tg CH4
KAZ,2002,CH4,agriculture & waste,0.61921822,Tg CH4
KAZ,2002,CH4,anthropogenic,2.182192405,Tg CH4
KAZ,2002,CH4,fossil,1.549207978,Tg CH4
KAZ,2003,CH4,agriculture & waste,0.65656442,Tg CH4
KAZ,2003,CH4,anthropogenic,2.29732148,Tg CH4
KAZ,2003,CH4,fossil,1.624692107,Tg CH4
KAZ,2004,CH4,agriculture & waste,0.69204742,Tg CH4
KAZ,2004,CH4,anthropogenic,2.157604738,Tg CH4
KAZ,2004,CH4,fossil,1.444814319,Tg CH4
KAZ,2005,CH4,agriculture & waste,0.72094941,Tg CH4
KAZ,2005,CH4,anthropogenic,2.14541242,Tg CH4
KAZ,2005,CH4,fossil,1.408978845,Tg CH4
KAZ,2006,CH4,agriculture & waste,0.752269852,Tg CH4
KAZ,2006,CH4,anthropogenic,2.017292975,Tg CH4
KAZ,2006,CH4,fossil,1.250321346,Tg CH4
KAZ,2007,CH4,agriculture & waste,0.77621098,Tg CH4
KAZ,2007,CH4,anthropogenic,1.84280942,Tg CH4
KAZ,2007,CH4,fossil,1.050007662,Tg CH4
KAZ,2008,CH4,agriculture & waste,0.79964148,Tg CH4
KAZ,2008,CH4,anthropogenic,1.641912052,Tg CH4
KAZ,2008,CH4,fossil,0.823689688,Tg CH4
KAZ,2009,CH4,agriculture & waste,0.81481882,Tg CH4
KAZ,2009,CH4,anthropogenic,1.414706589,Tg CH4
KAZ,2009,CH4,fossil,0.581340714,Tg CH4
KAZ,2010,CH4,agriculture & waste,0.83510932,Tg CH4
KAZ,2010,CH4,anthropogenic,1.362951999,Tg CH4
KAZ,2010,CH4,fossil,0.508019825,Tg CH4
KAZ,2011,CH4,agriculture & waste,0.80074917,Tg CH4
KAZ,2011,CH4,anthropogenic,1.371992724,Tg CH4
KAZ,2011,CH4,fossil,0.542013482,Tg CH4
KAZ,2012,CH4,agriculture & waste,0.81096849,Tg CH4
KAZ,2012,CH4,anthropogenic,1.32820588,Tg CH4
KAZ,2012,CH4,fossil,0.493500271,Tg CH4
KAZ,2013,CH4,agriculture & waste,0.83529173,Tg CH4
KAZ,2013,CH4,anthropogenic,1.366668083,Tg CH4
KAZ,2013,CH4,fossil,0.511643915,Tg CH4
KAZ,2014,CH4,agriculture & waste,0.86955155,Tg CH4
KAZ,2014,CH4,anthropogenic,1.394428122,Tg CH4
KAZ,2014,CH4,fossil,0.48550862,Tg CH4
KAZ,2015,CH4,agriculture & waste,0.89721471,Tg CH4
KAZ,2015,CH4,anthropogenic,1.404220692,Tg CH4
KAZ,2015,CH4,fossil,0.467512083,Tg CH4
KAZ,2016,CH4,agriculture & waste,0.93007506,Tg CH4
KAZ,2016,CH4,anthropogenic,1.434219787,Tg CH4
KAZ,2016,CH4,fossil,0.462078389,Tg CH4
KAZ,2017,CH4,agriculture & waste,0.97043267,Tg CH4
KAZ,2017,CH4,anthropogenic,1.503088834,Tg CH4
KAZ,2017,CH4,fossil,0.48000956,Tg CH4
KAZ,2018,CH4,agriculture & waste,1.01569824,Tg CH4
KAZ,2018,CH4,anthropogenic,1.56716678,Tg CH4
KAZ,2018,CH4,fossil,0.497756466,Tg CH4
KAZ,2019,CH4,agriculture & waste,1.05556304,Tg CH4
KAZ,2019,CH4,anthropogenic,1.595520079,Tg CH4
KAZ,2019,CH4,fossil,0.48373775,Tg CH4
KWT,1994,CH4,agriculture & waste,0.0365,Tg CH4
KWT,1994,CH4,anthropogenic,0.12919,Tg CH4
KWT,1994,CH4,fossil,0.09264,Tg CH4
KWT,2000,CH4,agriculture & waste,0.05912,Tg CH4
KWT,2000,CH4,anthropogenic,0.06662,Tg CH4
KWT,2000,CH4,fossil,0.0075,Tg CH4
KWT,2016,CH4,agriculture & waste,0.084417,Tg CH4
KWT,2016,CH4,anthropogenic,0.095337,Tg CH4
KWT,2016,CH4,fossil,0.010875,Tg CH4
MEX,1990,CH4,agriculture & waste,3.590786667,Tg CH4
MEX,1990,CH4,anthropogenic,4.35249381,Tg CH4
MEX,1990,CH4,fossil,0.647649048,Tg CH4
MEX,1992,CH4,agriculture & waste,3.568902857,Tg CH4
MEX,1992,CH4,anthropogenic,4.316584286,Tg CH4
MEX,1992,CH4,fossil,0.62824,Tg CH4
MEX,1993,CH4,agriculture & waste,3.664395714,Tg CH4
MEX,1993,CH4,anthropogenic,4.422652857,Tg CH4
MEX,1993,CH4,fossil,0.643710476,Tg CH4
MEX,1994,CH4,agriculture & waste,3.810125714,Tg CH4
MEX,1994,CH4,anthropogenic,4.54894,Tg CH4
MEX,1994,CH4,fossil,0.624123333,Tg CH4
MEX,1995,CH4,agriculture & waste,3.853667143,Tg CH4
MEX,1995,CH4,anthropogenic,4.589007619,Tg CH4
MEX,1995,CH4,fossil,0.620080952,Tg CH4
MEX,1996,CH4,agriculture & waste,3.822777143,Tg CH4
MEX,1996,CH4,anthropogenic,4.638464286,Tg CH4
MEX,1996,CH4,fossil,0.69991619,Tg CH4
MEX,1997,CH4,agriculture & waste,3.906243333,Tg CH4
MEX,1997,CH4,anthropogenic,4.750476667,Tg CH4
MEX,1997,CH4,fossil,0.72805,Tg CH4
MEX,1998,CH4,agriculture & waste,4.002108095,Tg CH4
MEX,1998,CH4,anthropogenic,4.880900476,Tg CH4
MEX,1998,CH4,fossil,0.762042381,Tg CH4
MEX,1999,CH4,agriculture & waste,3.868859524,Tg CH4
MEX,1999,CH4,anthropogenic,4.75112,Tg CH4
MEX,1999,CH4,fossil,0.765170476,Tg CH4
MEX,2000,CH4,agriculture & waste,3.939055714,Tg CH4
MEX,2000,CH4,anthropogenic,4.908164762,Tg CH4
MEX,2000,CH4,fossil,0.851398571,Tg CH4
MEX,2001,CH4,agriculture & waste,3.97704,Tg CH4
MEX,2001,CH4,anthropogenic,4.945754762,Tg CH4
MEX,2001,CH4,fossil,0.858341905,Tg CH4
MEX,2002,CH4,agriculture & waste,4.076822857,Tg CH4
MEX,2002,CH4,anthropogenic,5.078297619,Tg CH4
MEX,2002,CH4,fossil,0.89142,Tg CH4
MEX,2003,CH4,agriculture & waste,4.111739048,Tg CH4
MEX,2003,CH4,anthropogenic,5.20376619,Tg CH4
MEX,2003,CH4,fossil,0.981585714,Tg CH4
MEX,2004,CH4,agriculture & waste,4.084970952,Tg CH4
MEX,2004,CH4,anthropogenic,5.180132381,Tg CH4
MEX,2004,CH4,fossil,0.984779048,Tg CH4
MEX,2005,CH4,agriculture & waste,4.196414286,Tg CH4
MEX,2005,CH4,anthropogenic,5.305826667,Tg CH4
MEX,2005,CH4,fossil,0.999221905,Tg CH4
MEX,2006,CH4,agriculture & waste,4.310692857,Tg CH4
MEX,2006,CH4,anthropogenic,5.426070476,Tg CH4
MEX,2006,CH4,fossil,1.005687143,Tg CH4
MEX,2007,CH4,agriculture & waste,4.420464286,Tg CH4
MEX,2007,CH4,anthropogenic,5.544047143,Tg CH4
MEX,2007,CH4,fossil,1.014151429,Tg CH4
MEX,2008,CH4,agriculture & waste,4.52987,Tg CH4
MEX,2008,CH4,anthropogenic,5.663975714,Tg CH4
MEX,2008,CH4,fossil,1.024989524,Tg CH4
MEX,2009,CH4,agriculture & waste,4.677310476,Tg CH4
MEX,2009,CH4,anthropogenic,5.910702381,Tg CH4
MEX,2009,CH4,fossil,1.124998571,Tg CH4
MEX,2010,CH4,agriculture & waste,4.77128,Tg CH4
MEX,2010,CH4,anthropogenic,6.067036667,Tg CH4
MEX,2010,CH4,fossil,1.18783,Tg CH4
MEX,2011,CH4,agriculture & waste,4.94089619,Tg CH4
MEX,2011,CH4,anthropogenic,6.341910952,Tg CH4
MEX,2011,CH4,fossil,1.293642857,Tg CH4
MEX,2012,CH4,agriculture & waste,4.84106,Tg CH4
MEX,2012,CH4,anthropogenic,6.150074286,Tg CH4
MEX,2012,CH4,fossil,1.202144762,Tg CH4
MEX,2013,CH4,agriculture & waste,4.970685714,Tg CH4
MEX,2013,CH4,anthropogenic,6.258645238,Tg CH4
MEX,2013,CH4,fossil,1.181687143,Tg CH4
MEX,2014,CH4,agriculture & waste,5.03044,Tg CH4
MEX,2014,CH4,anthropogenic,6.315491905,Tg CH4
MEX,2014,CH4,fossil,1.179226667,Tg CH4
MEX,2015,CH4,agriculture & waste,5.249975714,Tg CH4
MEX,2015,CH4,anthropogenic,6.765528571,Tg CH4
MEX,2015,CH4,fossil,1.409999048,Tg CH4
NGA,2000,CH4,agriculture & waste,1.116778476,Tg CH4
NGA,2000,CH4,anthropogenic,4.752747429,Tg CH4
NGA,2000,CH4,fossil,3.635968952,Tg CH4
NGA,2001,CH4,agriculture & waste,1.148717524,Tg CH4
NGA,2001,CH4,anthropogenic,5.001886476,Tg CH4
NGA,2001,CH4,fossil,3.853168952,Tg CH4
NGA,2002,CH4,agriculture & waste,1.169477095,Tg CH4
NGA,2002,CH4,anthropogenic,4.543046048,Tg CH4
NGA,2002,CH4,fossil,3.373568952,Tg CH4
NGA,2003,CH4,agriculture & waste,1.183142333,Tg CH4
NGA,2003,CH4,anthropogenic,5.002335476,Tg CH4
NGA,2003,CH4,fossil,3.819193143,Tg CH4
NGA,2004,CH4,agriculture & waste,1.227831571,Tg CH4
NGA,2004,CH4,anthropogenic,5.348724714,Tg CH4
NGA,2004,CH4,fossil,4.120893143,Tg CH4
NGA,2005,CH4,agriculture & waste,1.261930667,Tg CH4
NGA,2005,CH4,anthropogenic,5.42112381,Tg CH4
NGA,2005,CH4,fossil,4.159193143,Tg CH4
NGA,2006,CH4,agriculture & waste,1.304097571,Tg CH4
NGA,2006,CH4,anthropogenic,5.353490714,Tg CH4
NGA,2006,CH4,fossil,4.049393143,Tg CH4
NGA,2007,CH4,agriculture & waste,1.290896524,Tg CH4
NGA,2007,CH4,anthropogenic,5.232889667,Tg CH4
NGA,2007,CH4,fossil,3.941993143,Tg CH4
NGA,2008,CH4,agriculture & waste,1.300447667,Tg CH4
NGA,2008,CH4,anthropogenic,5.10104081,Tg CH4
NGA,2008,CH4,fossil,3.800593143,Tg CH4
NGA,2009,CH4,agriculture & waste,1.25897919,Tg CH4
NGA,2009,CH4,anthropogenic,4.919072333,Tg CH4
NGA,2009,CH4,fossil,3.660093143,Tg CH4
NGA,2010,CH4,agriculture & waste,1.344432762,Tg CH4
NGA,2010,CH4,anthropogenic,5.593295429,Tg CH4
NGA,2010,CH4,fossil,4.248862667,Tg CH4
NGA,2011,CH4,agriculture & waste,1.473985381,Tg CH4
NGA,2011,CH4,anthropogenic,5.649471905,Tg CH4
NGA,2011,CH4,fossil,4.175486524,Tg CH4
NGA,2012,CH4,agriculture & waste,1.559742476,Tg CH4
NGA,2012,CH4,anthropogenic,5.776152905,Tg CH4
NGA,2012,CH4,fossil,4.216410429,Tg CH4
NGA,2013,CH4,agriculture & waste,1.587429619,Tg CH4
NGA,2013,CH4,anthropogenic,5.545163905,Tg CH4
NGA,2013,CH4,fossil,3.957734286,Tg CH4
NGA,2014,CH4,agriculture & waste,1.628904667,Tg CH4
NGA,2014,CH4,anthropogenic,5.682062857,Tg CH4
NGA,2014,CH4,fossil,4.05315819,Tg CH4
NGA,2015,CH4,agriculture & waste,1.654098667,Tg CH4
NGA,2015,CH4,anthropogenic,5.799980714,Tg CH4
NGA,2015,CH4,fossil,4.145882048,Tg CH4
NGA,2016,CH4,agriculture & waste,1.662981381,Tg CH4
NGA,2016,CH4,anthropogenic,5.425863429,Tg CH4
NGA,2016,CH4,fossil,3.762882048,Tg CH4
OMN,1994,CH4,agriculture & waste,0.036257,Tg CH4
OMN,1994,CH4,anthropogenic,0.124147,Tg CH4
OMN,1994,CH4,fossil,0.08789,Tg CH4
PAK,1994,CH4,agriculture & waste,2.6098,Tg CH4
PAK,1994,CH4,anthropogenic,2.8912,Tg CH4
PAK,1994,CH4,fossil,0.2806,Tg CH4
PAK,2008,CH4,agriculture & waste,3.974,Tg CH4
PAK,2008,CH4,anthropogenic,4.447,Tg CH4
PAK,2008,CH4,fossil,0.202,Tg CH4
PAK,2012,CH4,agriculture & waste,4.404,Tg CH4
PAK,2012,CH4,anthropogenic,5.108,Tg CH4
PAK,2012,CH4,fossil,0.642,Tg CH4
QAT,2007,CH4,agriculture & waste,0.023730898,Tg CH4
QAT,2007,CH4,anthropogenic,0.168063898,Tg CH4
QAT,2007,CH4,fossil,0.144333,Tg CH4
RUS,1990,CH4,agriculture & waste,7.035845111,Tg CH4
RUS,1990,CH4,anthropogenic,17.66061887,Tg CH4
RUS,1990,CH4,fossil,10.31939386,Tg CH4
RUS,1991,CH4,agriculture & waste,6.920278367,Tg CH4
RUS,1991,CH4,anthropogenic,16.8058369,Tg CH4
RUS,1991,CH4,fossil,9.595058519,Tg CH4
RUS,1992,CH4,agriculture & waste,6.729575508,Tg CH4
RUS,1992,CH4,anthropogenic,15.95553929,Tg CH4
RUS,1992,CH4,fossil,8.990041788,Tg CH4
RUS,1993,CH4,agriculture & waste,6.505612033,Tg CH4
RUS,1993,CH4,anthropogenic,15.24250392,Tg CH4
RUS,1993,CH4,fossil,8.515075643,Tg CH4
RUS,1994,CH4,agriculture & waste,6.188260895,Tg CH4
RUS,1994,CH4,anthropogenic,14.18235916,Tg CH4
RUS,1994,CH4,fossil,7.817324633,Tg CH4
RUS,1995,CH4,agriculture & waste,5.740398896,Tg CH4
RUS,1995,CH4,anthropogenic,13.52927114,Tg CH4
RUS,1995,CH4,fossil,7.625727015,Tg CH4
RUS,1996,CH4,agriculture & waste,5.457605238,Tg CH4
RUS,1996,CH4,anthropogenic,13.10836635,Tg CH4
RUS,1996,CH4,fossil,7.502748595,Tg CH4
RUS,1997,CH4,agriculture & waste,5.110383721,Tg CH4
RUS,1997,CH4,anthropogenic,12.59460911,Tg CH4
RUS,1997,CH4,fossil,7.347432993,Tg CH4
RUS,1998,CH4,agriculture & waste,4.849090723,Tg CH4
RUS,1998,CH4,anthropogenic,12.16221941,Tg CH4
RUS,1998,CH4,fossil,7.195047401,Tg CH4
RUS,1999,CH4,agriculture & waste,4.67549263,Tg CH4
RUS,1999,CH4,anthropogenic,12.24646719,Tg CH4
RUS,1999,CH4,fossil,7.427377702,Tg CH4
RUS,2000,CH4,agriculture & waste,4.678431519,Tg CH4
RUS,2000,CH4,anthropogenic,12.39296903,Tg CH4
RUS,2000,CH4,fossil,7.624719971,Tg CH4
RUS,2001,CH4,agriculture & waste,4.658177677,Tg CH4
RUS,2001,CH4,anthropogenic,12.41466904,Tg CH4
RUS,2001,CH4,fossil,7.661381134,Tg CH4
RUS,2002,CH4,agriculture & waste,4.678396482,Tg CH4
RUS,2002,CH4,anthropogenic,12.29688566,Tg CH4
RUS,2002,CH4,fossil,7.535268146,Tg CH4
RUS,2003,CH4,agriculture & waste,4.709159151,Tg CH4
RUS,2003,CH4,anthropogenic,12.67855187,Tg CH4
RUS,2003,CH4,fossil,7.888561783,Tg CH4
RUS,2004,CH4,agriculture & waste,4.661636471,Tg CH4
RUS,2004,CH4,anthropogenic,12.78596318,Tg CH4
RUS,2004,CH4,fossil,8.049267984,Tg CH4
RUS,2005,CH4,agriculture & waste,4.583026757,Tg CH4
RUS,2005,CH4,anthropogenic,12.77048156,Tg CH4
RUS,2005,CH4,fossil,8.118519357,Tg CH4
RUS,2006,CH4,agriculture & waste,4.577517718,Tg CH4
RUS,2006,CH4,anthropogenic,12.88683191,Tg CH4
RUS,2006,CH4,fossil,8.238237275,Tg CH4
RUS,2007,CH4,agriculture & waste,4.698396997,Tg CH4
RUS,2007,CH4,anthropogenic,12.88440278,Tg CH4
RUS,2007,CH4,fossil,8.120144287,Tg CH4
RUS,2008,CH4,agriculture & waste,4.808310604,Tg CH4
RUS,2008,CH4,anthropogenic,12.86619843,Tg CH4
RUS,2008,CH4,fossil,7.994408394,Tg CH4
RUS,2009,CH4,agriculture & waste,4.826704332,Tg CH4
RUS,2009,CH4,anthropogenic,12.02542817,Tg CH4
RUS,2009,CH4,fossil,7.140824606,Tg CH4
RUS,2010,CH4,agriculture & waste,4.85093644,Tg CH4
RUS,2010,CH4,anthropogenic,12.40275968,Tg CH4
RUS,2010,CH4,fossil,7.489903702,Tg CH4
RUS,2011,CH4,agriculture & waste,4.936577083,Tg CH4
RUS,2011,CH4,anthropogenic,12.54463012,Tg CH4
RUS,2011,CH4,fossil,7.546203007,Tg CH4
RUS,2012,CH4,agriculture & waste,5.063198372,Tg CH4
RUS,2012,CH4,anthropogenic,12.60491614,Tg CH4
RUS,2012,CH4,fossil,7.482530085,Tg CH4
RUS,2013,CH4,agriculture & waste,5.192395762,Tg CH4
RUS,2013,CH4,anthropogenic,12.49935905,Tg CH4
RUS,2013,CH4,fossil,7.253311439,Tg CH4
RUS,2014,CH4,agriculture & waste,5.30403905,Tg CH4
RUS,2014,CH4,anthropogenic,12.40029598,Tg CH4
RUS,2014,CH4,fossil,7.04241741,Tg CH4
RUS,2015,CH4,agriculture & waste,5.387005757,Tg CH4
RUS,2015,CH4,anthropogenic,12.31135934,Tg CH4
RUS,2015,CH4,fossil,6.875301403,Tg CH4
RUS,2016,CH4,agriculture & waste,5.470183721,Tg CH4
RUS,2016,CH4,anthropogenic,12.33775084,Tg CH4
RUS,2016,CH4,fossil,6.821375272,Tg CH4
RUS,2017,CH4,agriculture & waste,5.54588108,Tg CH4
RUS,2017,CH4,anthropogenic,12.13074885,Tg CH4
RUS,2017,CH4,fossil,6.537729129,Tg CH4
RUS,2018,CH4,agriculture & waste,5.627805555,Tg CH4
RUS,2018,CH4,anthropogenic,12.50931811,Tg CH4
RUS,2018,CH4,fossil,6.828029192,Tg CH4
RUS,2019,CH4,agriculture & waste,5.697979476,Tg CH4
RUS,2019,CH4,anthropogenic,12.61683951,Tg CH4
RUS,2019,CH4,fossil,6.865541521,Tg CH4
SAU,1990,CH4,agriculture & waste,0.689824,Tg CH4
SAU,1990,CH4,anthropogenic,0.7869997,Tg CH4
SAU,1990,CH4,fossil,0.0968587,Tg CH4
SAU,2000,CH4,agriculture & waste,0.95519,Tg CH4
SAU,2000,CH4,anthropogenic,1.311991,Tg CH4
SAU,2000,CH4,fossil,0.354491,Tg CH4
SAU,2010,CH4,agriculture & waste,1.1628578,Tg CH4
SAU,2010,CH4,anthropogenic,2.0667254,Tg CH4
SAU,2010,CH4,fossil,0.9018461,Tg CH4
SAU,2012,CH4,agriculture & waste,1.22678,Tg CH4
SAU,2012,CH4,anthropogenic,1.77905,Tg CH4
SAU,2012,CH4,fossil,0.55029,Tg CH4
THA,1994,CH4,agriculture & waste,2.914893,Tg CH4
THA,1994,CH4,anthropogenic,3.111753,Tg CH4
THA,1994,CH4,fossil,0.19678,Tg CH4
THA,2000,CH4,agriculture & waste,2.3708,Tg CH4
THA,2000,CH4,anthropogenic,2.7911,Tg CH4
THA,2000,CH4,fossil,0.367,Tg CH4
THA,2011,CH4,agriculture & waste,2.04504,Tg CH4
THA,2011,CH4,anthropogenic,2.585008571,Tg CH4
THA,2011,CH4,fossil,0.472008571,Tg CH4
THA,2013,CH4,agriculture & waste,2.23888,Tg CH4
THA,2013,CH4,anthropogenic,2.83429,Tg CH4
THA,2013,CH4,fossil,0.52782,Tg CH4
THA,2016,CH4,agriculture & waste,2.14466,Tg CH4
THA,2016,CH4,anthropogenic,2.70513,Tg CH4
THA,2016,CH4,fossil,0.49877,Tg CH4
TKM,1994,CH4,agriculture & waste,0.12633,Tg CH4
TKM,1994,CH4,anthropogenic,0.8949786,Tg CH4
TKM,1994,CH4,fossil,0.7685564,Tg CH4
TKM,2000,CH4,agriculture & waste,0.11171,Tg CH4
TKM,2000,CH4,anthropogenic,1.154274286,Tg CH4
TKM,2000,CH4,fossil,1.042344224,Tg CH4
TKM,2004,CH4,agriculture & waste,0.28698,Tg CH4
TKM,2004,CH4,anthropogenic,1.58395,Tg CH4
TKM,2004,CH4,fossil,1.2967375,Tg CH4
TKM,2010,CH4,agriculture & waste,0.34911,Tg CH4
TKM,2010,CH4,anthropogenic,1.304711855,Tg CH4
TKM,2010,CH4,fossil,0.955308992,Tg CH4
USA,1990,CH4,agriculture & waste,16.59755815,Tg CH4
USA,1990,CH4,anthropogenic,31.07490779,Tg CH4
USA,1990,CH4,fossil,14.20972928,Tg CH4
USA,1991,CH4,agriculture & waste,16.78890295,Tg CH4
USA,1991,CH4,anthropogenic,31.2711773,Tg CH4
USA,1991,CH4,fossil,14.2066464,Tg CH4
USA,1992,CH4,agriculture & waste,16.9316991,Tg CH4
USA,1992,CH4,anthropogenic,31.22076557,Tg CH4
USA,1992,CH4,fossil,14.00315173,Tg CH4
USA,1993,CH4,agriculture & waste,17.06119473,Tg CH4
USA,1993,CH4,anthropogenic,30.82840595,Tg CH4
USA,1993,CH4,fossil,13.50534685,Tg CH4
USA,1994,CH4,agriculture & waste,17.2436881,Tg CH4
USA,1994,CH4,anthropogenic,31.08128126,Tg CH4
USA,1994,CH4,fossil,13.58827624,Tg CH4
USA,1995,CH4,agriculture & waste,17.29459587,Tg CH4
USA,1995,CH4,anthropogenic,30.70788937,Tg CH4
USA,1995,CH4,fossil,13.16761316,Tg CH4
USA,1996,CH4,agriculture & waste,17.08328051,Tg CH4
USA,1996,CH4,anthropogenic,30.43233888,Tg CH4
USA,1996,CH4,fossil,13.08843895,Tg CH4
USA,1997,CH4,agriculture & waste,16.60181306,Tg CH4
USA,1997,CH4,anthropogenic,29.87029332,Tg CH4
USA,1997,CH4,fossil,13.0426754,Tg CH4
USA,1998,CH4,agriculture & waste,16.36249746,Tg CH4
USA,1998,CH4,anthropogenic,29.26670197,Tg CH4
USA,1998,CH4,fossil,12.70269329,Tg CH4
USA,1999,CH4,agriculture & waste,16.14063443,Tg CH4
USA,1999,CH4,anthropogenic,28.53405773,Tg CH4
USA,1999,CH4,fossil,12.18504001,Tg CH4
USA,2000,CH4,agriculture & waste,15.99862003,Tg CH4
USA,2000,CH4,anthropogenic,28.30253888,Tg CH4
USA,2000,CH4,fossil,12.08359989,Tg CH4
USA,2001,CH4,agriculture & waste,15.69949285,Tg CH4
USA,2001,CH4,anthropogenic,27.99281547,Tg CH4
USA,2001,CH4,fossil,12.08909447,Tg CH4
USA,2002,CH4,agriculture & waste,15.77908017,Tg CH4
USA,2002,CH4,anthropogenic,27.71300757,Tg CH4
USA,2002,CH4,fossil,11.7254465,Tg CH4
USA,2003,CH4,agriculture & waste,15.77713634,Tg CH4
USA,2003,CH4,anthropogenic,27.70857762,Tg CH4
USA,2003,CH4,fossil,11.70973063,Tg CH4
USA,2004,CH4,agriculture & waste,15.52027474,Tg CH4
USA,2004,CH4,anthropogenic,27.47968213,Tg CH4
USA,2004,CH4,fossil,11.73960058,Tg CH4
USA,2005,CH4,agriculture & waste,15.68939343,Tg CH4
USA,2005,CH4,anthropogenic,27.4445101,Tg CH4
USA,2005,CH4,fossil,11.53244456,Tg CH4
USA,2006,CH4,agriculture & waste,15.58218762,Tg CH4
USA,2006,CH4,anthropogenic,27.63212816,Tg CH4
USA,2006,CH4,fossil,11.85132811,Tg CH4
USA,2007,CH4,agriculture & waste,15.8386465,Tg CH4
USA,2007,CH4,anthropogenic,27.7557254,Tg CH4
USA,2007,CH4,fossil,11.70101725,Tg CH4
USA,2008,CH4,agriculture & waste,15.58088459,Tg CH4
USA,2008,CH4,anthropogenic,28.0339248,Tg CH4
USA,2008,CH4,fossil,12.22276139,Tg CH4
USA,2009,CH4,agriculture & waste,15.4857419,Tg CH4
USA,2009,CH4,anthropogenic,27.58712961,Tg CH4
USA,2009,CH4,fossil,11.86378516,Tg CH4
USA,2010,CH4,agriculture & waste,15.63365394,Tg CH4
USA,2010,CH4,anthropogenic,27.68597579,Tg CH4
USA,2010,CH4,fossil,11.80271968,Tg CH4
USA,2011,CH4,agriculture & waste,15.05719995,Tg CH4
USA,2011,CH4,anthropogenic,26.64690117,Tg CH4
USA,2011,CH4,fossil,11.35045612,Tg CH4
USA,2012,CH4,agriculture & waste,15.08646437,Tg CH4
USA,2012,CH4,anthropogenic,26.32638766,Tg CH4
USA,2012,CH4,fossil,11.03339405,Tg CH4
USA,2013,CH4,agriculture & waste,14.73687476,Tg CH4
USA,2013,CH4,anthropogenic,26.17624973,Tg CH4
USA,2013,CH4,fossil,11.18421072,Tg CH4
USA,2014,CH4,agriculture & waste,14.71478126,Tg CH4
USA,2014,CH4,anthropogenic,26.0410903,Tg CH4
USA,2014,CH4,fossil,11.06421299,Tg CH4
USA,2015,CH4,agriculture & waste,14.94011356,Tg CH4
USA,2015,CH4,anthropogenic,26.06138622,Tg CH4
USA,2015,CH4,fossil,10.87751849,Tg CH4
USA,2016,CH4,agriculture & waste,15.07163481,Tg CH4
USA,2016,CH4,anthropogenic,25.69558136,Tg CH4
USA,2016,CH4,fossil,10.4036845,Tg CH4
USA,2017,CH4,agriculture & waste,15.24144709,Tg CH4
USA,2017,CH4,anthropogenic,25.9352935,Tg CH4
USA,2017,CH4,fossil,10.47850331,Tg CH4
USA,2018,CH4,agriculture & waste,15.52651706,Tg CH4
USA,2018,CH4,anthropogenic,26.23744915,Tg CH4
USA,2018,CH4,fossil,10.46373049,Tg CH4
USA,2019,CH4,agriculture & waste,15.65296118,Tg CH4
USA,2019,CH4,anthropogenic,26.38850811,Tg CH4
USA,2019,CH4,fossil,10.48462518,Tg CH4
VEN,1999,CH4,agriculture & waste,1.12304,Tg CH4
VEN,1999,CH4,anthropogenic,2.94864,Tg CH4
VEN,1999,CH4,fossil,1.8246,Tg CH4
VEN,2010,CH4,agriculture & waste,1.48,Tg CH4
VEN,2010,CH4,anthropogenic,5.011,Tg CH4
VEN,2010,CH4,fossil,3.531,Tg CH4
AUS,1990,CO2,land,46.10458285,Tg C
AUS,1991,CO2,land,42.36964768,Tg C
AUS,1992,CO2,land,24.65426486,Tg C
AUS,1993,CO2,land,18.93630065,Tg C
AUS,1994,CO2,land,18.62690188,Tg C
AUS,1995,CO2,land,10.7961231,Tg C
AUS,1996,CO2,land,9.118813372,Tg C
AUS,1997,CO2,land,8.175735774,Tg C
AUS,1998,CO2,land,4.591508822,Tg C
AUS,1999,CO2,land,6.810571099,Tg C
AUS,2000,CO2,land,9.186480801,Tg C
AUS,2001,CO2,land,15.69392104,Tg C
AUS,2002,CO2,land,13.06266191,Tg C
AUS,2003,CO2,land,16.26055797,Tg C
AUS,2004,CO2,land,12.60685205,Tg C
AUS,2005,CO2,land,18.83418066,Tg C
AUS,2006,CO2,land,17.58006428,Tg C
AUS,2007,CO2,land,21.01124388,Tg C
AUS,2008,CO2,land,16.52732813,Tg C
AUS,2009,CO2,land,15.88544566,Tg C
AUS,2010,CO2,land,12.22896375,Tg C
AUS,2011,CO2,land,4.14725688,Tg C
AUS,2012,CO2,land,0.585780334,Tg C
AUS,2013,CO2,land,-0.298091897,Tg C
AUS,2014,CO2,land,-1.974337856,Tg C
AUS,2015,CO2,land,-4.59310234,Tg C
AUS,2016,CO2,land,-10.7877693,Tg C
AUS,2017,CO2,land,-13.6269491,Tg C
AUS,2018,CO2,land,-10.04969105,Tg C
AUS,2019,CO2,land,-10.90844093,Tg C
BRA,1990,CO2,land,237.5991818,Tg C
BRA,1991,CO2,land,189.4006364,Tg C
BRA,1992,CO2,land,217.833,Tg C
BRA,1993,CO2,land,227.8115455,Tg C
BRA,1994,CO2,land,221.8429091,Tg C
BRA,1995,CO2,land,513.5029091,Tg C
BRA,1996,CO2,land,324.4969091,Tg C
BRA,1997,CO2,land,237.1917273,Tg C
BRA,1998,CO2,land,304.7462727,Tg C
BRA,1999,CO2,land,292.2008182,Tg C
BRA,2000,CO2,land,306.0136364,Tg C
BRA,2001,CO2,land,291.3681818,Tg C
BRA,2002,CO2,land,346.3810909,Tg C
BRA,2003,CO2,land,630.5612727,Tg C
BRA,2004,CO2,land,681.1745455,Tg C
BRA,2005,CO2,land,406.5856364,Tg C
BRA,2006,CO2,land,312.2067273,Tg C
BRA,2007,CO2,land,220.2646364,Tg C
BRA,2008,CO2,land,249.2588182,Tg C
BRA,2009,CO2,land,80.82818182,Tg C
BRA,2010,CO2,land,64.17627273,Tg C
BRA,2011,CO2,land,86.78018182,Tg C
BRA,2012,CO2,land,47.86827273,Tg C
BRA,2013,CO2,land,102.1540909,Tg C
BRA,2014,CO2,land,64.32436364,Tg C
BRA,2015,CO2,land,96.40418182,Tg C
BRA,2016,CO2,land,105.1742727,Tg C
CAN,1990,CO2,land,-15.49088014,Tg C
CAN,1991,CO2,land,-16.7231719,Tg C
CAN,1992,CO2,land,-14.05876992,Tg C
CAN,1993,CO2,land,-12.34466582,Tg C
CAN,1994,CO2,land,-12.23676215,Tg C
CAN,1995,CO2,land,-8.127903481,Tg C
CAN,1996,CO2,land,-10.02354067,Tg C
CAN,1997,CO2,land,-10.36095787,Tg C
CAN,1998,CO2,land,-13.49303849,Tg C
CAN,1999,CO2,land,-9.61686681,Tg C
CAN,2000,CO2,land,-5.826118183,Tg C
CAN,2001,CO2,land,-10.19837319,Tg C
CAN,2002,CO2,land,-5.461333478,Tg C
CAN,2003,CO2,land,-6.581861872,Tg C
CAN,2004,CO2,land,1.015612559,Tg C
CAN,2005,CO2,land,2.242158648,Tg C
CAN,2006,CO2,land,-0.991748703,Tg C
CAN,2007,CO2,land,-1.988016142,Tg C
CAN,2008,CO2,land,-3.30864076,Tg C
CAN,2009,CO2,land,-6.36256264,Tg C
CAN,2010,CO2,land,-1.775143616,Tg C
CAN,2011,CO2,land,-1.508541798,Tg C
CAN,2012,CO2,land,-2.242485232,Tg C
CAN,2013,CO2,land,-0.725612411,Tg C
CAN,2014,CO2,land,-0.57747646,Tg C
CAN,2015,CO2,land,1.460803928,Tg C
CAN,2016,CO2,land,0.412547261,Tg C
CAN,2017,CO2,land,0.589309221,Tg C
CAN,2018,CO2,land,2.740466422,Tg C
CAN,2019,CO2,land,3.170536399,Tg C
CHN,1994,CO2,land,-111.1306364,Tg C
CHN,2005,CO2,land,-218.1818182,Tg C
CHN,2010,CO2,land,-278.5292727,Tg C
CHN,2012,CO2,land,-153.8301818,Tg C
CHN,2014,CO2,land,-308.415,Tg C
COD,1994,CO2,land,-49.99947191,Tg C
COD,1999,CO2,land,-30.16145455,Tg C
COD,2000,CO2,land,-32.70742773,Tg C
COD,2001,CO2,land,-29.637417,Tg C
COD,2002,CO2,land,-26.500671,Tg C
COD,2003,CO2,land,-23.29759745,Tg C
COD,2004,CO2,land,-20.01326809,Tg C
COD,2005,CO2,land,-20.97537027,Tg C
COD,2006,CO2,land,-20.83590464,Tg C
COD,2007,CO2,land,-17.26248518,Tg C
COD,2008,CO2,land,-10.35192927,Tg C
COD,2009,CO2,land,-6.783741,Tg C
COD,2010,CO2,land,-3.122796,Tg C
EUA,1990,CO2,land,-55.37948566,Tg C
EUA,1991,CO2,land,-78.88050315,Tg C
EUA,1992,CO2,land,-72.76486002,Tg C
EUA,1993,CO2,land,-73.83940337,Tg C
EUA,1994,CO2,land,-73.91061107,Tg C
EUA,1995,CO2,land,-81.60763066,Tg C
EUA,1996,CO2,land,-87.39681313,Tg C
EUA,1997,CO2,land,-86.59108719,Tg C
EUA,1998,CO2,land,-91.00289385,Tg C
EUA,1999,CO2,land,-93.467995,Tg C
EUA,2000,CO2,land,-84.67915392,Tg C
EUA,2001,CO2,land,-91.53315992,Tg C
EUA,2002,CO2,land,-87.51007912,Tg C
EUA,2003,CO2,land,-80.56219651,Tg C
EUA,2004,CO2,land,-88.41056016,Tg C
EUA,2005,CO2,land,-86.5449507,Tg C
EUA,2006,CO2,land,-91.46091839,Tg C
EUA,2007,CO2,land,-78.5942907,Tg C
EUA,2008,CO2,land,-89.6538331,Tg C
EUA,2009,CO2,land,-91.90737768,Tg C
EUA,2010,CO2,land,-88.28917424,Tg C
EUA,2011,CO2,land,-87.74873016,Tg C
EUA,2012,CO2,land,-89.85150169,Tg C
EUA,2013,CO2,land,-90.0165756,Tg C
EUA,2014,CO2,land,-84.76213257,Tg C
EUA,2015,CO2,land,-83.83304837,Tg C
EUA,2016,CO2,land,-83.39131783,Tg C
EUA,2017,CO2,land,-73.37176063,Tg C
EUA,2018,CO2,land,-73.96178215,Tg C
EUA,2019,CO2,land,-76.2674785,Tg C
IND,1994,CO2,land,3.856909091,Tg C
IND,2000,CO2,land,-64.43384455,Tg C
IND,2010,CO2,land,-69.90683727,Tg C
IND,2014,CO2,land,-82.53932455,Tg C
IND,2016,CO2,land,-84.40254545,Tg C
KAZ,1990,CO2,land,-3.146367273,Tg C
KAZ,1991,CO2,land,-0.423383636,Tg C
KAZ,1992,CO2,land,2.581257273,Tg C
KAZ,1993,CO2,land,5.586600909,Tg C
KAZ,1994,CO2,land,8.736944545,Tg C
KAZ,1995,CO2,land,11.87608818,Tg C
KAZ,1996,CO2,land,15.01372909,Tg C
KAZ,1997,CO2,land,20.19567273,Tg C
KAZ,1998,CO2,land,21.35041636,Tg C
KAZ,1999,CO2,land,23.67874636,Tg C
KAZ,2000,CO2,land,26.00432182,Tg C
KAZ,2001,CO2,land,21.09001909,Tg C
KAZ,2002,CO2,land,15.76181636,Tg C
KAZ,2003,CO2,land,10.64221636,Tg C
KAZ,2004,CO2,land,6.475265455,Tg C
KAZ,2005,CO2,land,1.688268182,Tg C
KAZ,2006,CO2,land,-1.807563455,Tg C
KAZ,2007,CO2,land,-1.798404727,Tg C
KAZ,2008,CO2,land,-1.829619,Tg C
KAZ,2009,CO2,land,-2.279485818,Tg C
KAZ,2010,CO2,land,-2.827122818,Tg C
KAZ,2011,CO2,land,-2.916069545,Tg C
KAZ,2012,CO2,land,-3.161035364,Tg C
KAZ,2013,CO2,land,-3.403059455,Tg C
KAZ,2014,CO2,land,-1.989619091,Tg C
KAZ,2015,CO2,land,-0.645246727,Tg C
KAZ,2016,CO2,land,0.507385455,Tg C
KAZ,2017,CO2,land,1.832343636,Tg C
KAZ,2018,CO2,land,3.343788182,Tg C
KAZ,2019,CO2,land,2.6083,Tg C
MNG,1990,CO2,land,-6.279321818,Tg C
MNG,1991,CO2,land,0.972,Tg C
MNG,1992,CO2,land,0.813272727,Tg C
MNG,1993,CO2,land,0.566181818,Tg C
MNG,1994,CO2,land,0.109090909,Tg C
MNG,1995,CO2,land,-0.078272727,Tg C
MNG,1996,CO2,land,-0.183818182,Tg C
MNG,1997,CO2,land,-0.214090909,Tg C
MNG,1998,CO2,land,-0.090818182,Tg C
MNG,2006,CO2,land,-0.567976364,Tg C
MNG,2014,CO2,land,-6.668708182,Tg C
RUS,1990,CO2,land,-25.60194283,Tg C
RUS,1991,CO2,land,-17.16185609,Tg C
RUS,1992,CO2,land,-18.3150435,Tg C
RUS,1993,CO2,land,-19.00901486,Tg C
RUS,1994,CO2,land,-43.87897551,Tg C
RUS,1995,CO2,land,-64.56403706,Tg C
RUS,1996,CO2,land,-83.35696735,Tg C
RUS,1997,CO2,land,-103.5180372,Tg C
RUS,1998,CO2,land,-126.8356217,Tg C
RUS,1999,CO2,land,-129.1685627,Tg C
RUS,2000,CO2,land,-138.2579257,Tg C
RUS,2001,CO2,land,-154.727962,Tg C
RUS,2002,CO2,land,-162.9567652,Tg C
RUS,2003,CO2,land,-164.2600423,Tg C
RUS,2004,CO2,land,-156.0935499,Tg C
RUS,2005,CO2,land,-155.1528827,Tg C
RUS,2006,CO2,land,-158.4745201,Tg C
RUS,2007,CO2,land,-161.9325503,Tg C
RUS,2008,CO2,land,-174.3468833,Tg C
RUS,2009,CO2,land,-188.9470918,Tg C
RUS,2010,CO2,land,-203.9253097,Tg C
RUS,2011,CO2,land,-187.9927786,Tg C
RUS,2012,CO2,land,-194.3415706,Tg C
RUS,2013,CO2,land,-176.35431,Tg C
RUS,2014,CO2,land,-192.5862095,Tg C
RUS,2015,CO2,land,-171.1509135,Tg C
RUS,2016,CO2,land,-176.0942698,Tg C
RUS,2017,CO2,land,-175.0517299,Tg C
RUS,2018,CO2,land,-173.2961955,Tg C
RUS,2019,CO2,land,-156.704944,Tg C
USA,1990,CO2,land,-245.9014288,Tg C
USA,1991,CO2,land,-245.3274436,Tg C
USA,1992,CO2,land,-241.8576469,Tg C
USA,1993,CO2,land,-236.8624476,Tg C
USA,1994,CO2,land,-241.4620873,Tg C
USA,1995,CO2,land,-233.4748582,Tg C
USA,1996,CO2,land,-238.2106503,Tg C
USA,1997,CO2,land,-233.5475215,Tg C
USA,1998,CO2,land,-235.4280052,Tg C
USA,1999,CO2,land,-234.2839382,Tg C
USA,2000,CO2,land,-233.8899769,Tg C
USA,2001,CO2,land,-232.8870268,Tg C
USA,2002,CO2,land,-226.1779427,Tg C
USA,2003,CO2,land,-230.8928867,Tg C
USA,2004,CO2,land,-203.903495,Tg C
USA,2005,CO2,land,-217.3551505,Tg C
USA,2006,CO2,land,-232.3762345,Tg C
USA,2007,CO2,land,-221.8380755,Tg C
USA,2008,CO2,land,-216.8664639,Tg C
USA,2009,CO2,land,-208.5401883,Tg C
USA,2010,CO2,land,-214.7062608,Tg C
USA,2011,CO2,land,-219.6350279,Tg C
USA,2012,CO2,land,-223.3386489,Tg C
USA,2013,CO2,land,-215.954753,Tg C
USA,2014,CO2,land,-220.1917222,Tg C
USA,2015,CO2,land,-213.608271,Tg C
USA,2016,CO2,land,-231.2834748,Tg C
USA,2017,CO2,land,-213.7950217,Tg C
USA,2018,CO2,land,-222.9396213,Tg C
USA,2019,CO2,land,-219.5215425,Tg C
ZAF,1990,CO2,land,-4.631555455,Tg C
ZAF,1994,CO2,land,-5.07708,Tg C
ZAF,2000,CO2,land,-2.362641818,Tg C
ZAF,2001,CO2,land,-2.357618182,Tg C
ZAF,2002,CO2,land,-2.900241818,Tg C
ZAF,2003,CO2,land,-2.796256364,Tg C
ZAF,2004,CO2,land,-2.250703636,Tg C
ZAF,2005,CO2,land,-2.328428182,Tg C
ZAF,2006,CO2,land,-2.930498182,Tg C
ZAF,2007,CO2,land,-3.1413,Tg C
ZAF,2008,CO2,land,-1.442225455,Tg C
ZAF,2009,CO2,land,-3.395022191,Tg C
ZAF,2010,CO2,land,-3.979450909,Tg C
ZAF,2011,CO2,land,-4.051639091,Tg C
ZAF,2012,CO2,land,-5.438648182,Tg C
ZAF,2015,CO2,land,-7.496179091,Tg C
ARE,1994,N2O,anthropogenic,0.113145455,Tg N
ARE,2000,N2O,anthropogenic,0.012663636,Tg N
ARE,2005,N2O,anthropogenic,0.0126,Tg N
ARE,2014,N2O,anthropogenic,0.000923376,Tg N
ARG,1990,N2O,anthropogenic,0.088804545,Tg N
ARG,1991,N2O,anthropogenic,0.091712727,Tg N
ARG,1992,N2O,anthropogenic,0.092342727,Tg N
ARG,1993,N2O,anthropogenic,0.092062727,Tg N
ARG,1994,N2O,anthropogenic,0.09072,Tg N
ARG,1995,N2O,anthropogenic,0.090191818,Tg N
ARG,1996,N2O,anthropogenic,0.088995455,Tg N
ARG,1997,N2O,anthropogenic,0.085489091,Tg N
ARG,1998,N2O,anthropogenic,0.088511818,Tg N
ARG,1999,N2O,anthropogenic,0.090185455,Tg N
ARG,2000,N2O,anthropogenic,0.095588182,Tg N
ARG,2001,N2O,anthropogenic,0.100850909,Tg N
ARG,2002,N2O,anthropogenic,0.095384545,Tg N
ARG,2003,N2O,anthropogenic,0.099896364,Tg N
ARG,2004,N2O,anthropogenic,0.097414545,Tg N
ARG,2005,N2O,anthropogenic,0.098604545,Tg N
ARG,2006,N2O,anthropogenic,0.100469091,Tg N
ARG,2007,N2O,anthropogenic,0.101099091,Tg N
ARG,2008,N2O,anthropogenic,0.094589091,Tg N
ARG,2009,N2O,anthropogenic,0.087544545,Tg N
ARG,2010,N2O,anthropogenic,0.089746364,Tg N
ARG,2011,N2O,anthropogenic,0.092349091,Tg N
ARG,2012,N2O,anthropogenic,0.089975455,Tg N
ARG,2013,N2O,anthropogenic,0.093640909,Tg N
ARG,2014,N2O,anthropogenic,0.095728182,Tg N
ARG,2015,N2O,anthropogenic,0.093373636,Tg N
ARG,2016,N2O,anthropogenic,0.098222727,Tg N
AUS,1990,N2O,anthropogenic,0.04324832,Tg N
AUS,1991,N2O,anthropogenic,0.041884775,Tg N
AUS,1992,N2O,anthropogenic,0.040823832,Tg N
AUS,1993,N2O,anthropogenic,0.041449024,Tg N
AUS,1994,N2O,anthropogenic,0.042515704,Tg N
AUS,1995,N2O,anthropogenic,0.040657925,Tg N
AUS,1996,N2O,anthropogenic,0.043841824,Tg N
AUS,1997,N2O,anthropogenic,0.045309693,Tg N
AUS,1998,N2O,anthropogenic,0.045417738,Tg N
AUS,1999,N2O,anthropogenic,0.047370957,Tg N
AUS,2000,N2O,anthropogenic,0.049856424,Tg N
AUS,2001,N2O,anthropogenic,0.050293397,Tg N
AUS,2002,N2O,anthropogenic,0.051396092,Tg N
AUS,2003,N2O,anthropogenic,0.04947511,Tg N
AUS,2004,N2O,anthropogenic,0.051965166,Tg N
AUS,2005,N2O,anthropogenic,0.052547359,Tg N
AUS,2006,N2O,anthropogenic,0.05261523,Tg N
AUS,2007,N2O,anthropogenic,0.049533627,Tg N
AUS,2008,N2O,anthropogenic,0.050099675,Tg N
AUS,2009,N2O,anthropogenic,0.051251301,Tg N
AUS,2010,N2O,anthropogenic,0.051595545,Tg N
AUS,2011,N2O,anthropogenic,0.053609986,Tg N
AUS,2012,N2O,anthropogenic,0.053558077,Tg N
AUS,2013,N2O,anthropogenic,0.050413124,Tg N
AUS,2014,N2O,anthropogenic,0.051226156,Tg N
AUS,2015,N2O,anthropogenic,0.049185605,Tg N
AUS,2016,N2O,anthropogenic,0.04852657,Tg N
AUS,2017,N2O,anthropogenic,0.052236062,Tg N
AUS,2018,N2O,anthropogenic,0.049027854,Tg N
AUS,2019,N2O,anthropogenic,0.047045824,Tg N
BGD,1994,N2O,anthropogenic,0.009152882,Tg N
BGD,2001,N2O,anthropogenic,0.033695455,Tg N
BGD,2005,N2O,anthropogenic,0.039238182,Tg N
BGD,2012,N2O,anthropogenic,0.036419091,Tg N
BHR,1994,N2O,anthropogenic,8.40E-05,Tg N
BHR,2006,N2O,anthropogenic,0.000190909,Tg N
BRA,1990,N2O,anthropogenic,0.239934545,Tg N
BRA,1991,N2O,anthropogenic,0.244338182,Tg N
BRA,1992,N2O,anthropogenic,0.252852727,Tg N
BRA,1993,N2O,anthropogenic,0.258707273,Tg N
BRA,1994,N2O,anthropogenic,0.266216364,Tg N
BRA,1995,N2O,anthropogenic,0.294509091,Tg N
BRA,1996,N2O,anthropogenic,0.262417273,Tg N
BRA,1997,N2O,anthropogenic,0.262251818,Tg N
BRA,1998,N2O,anthropogenic,0.278421818,Tg N
BRA,1999,N2O,anthropogenic,0.280311818,Tg N
BRA,2000,N2O,anthropogenic,0.292625455,Tg N
BRA,2001,N2O,anthropogenic,0.297824545,Tg N
BRA,2002,N2O,anthropogenic,0.316578182,Tg N
BRA,2003,N2O,anthropogenic,0.361804545,Tg N
BRA,2004,N2O,anthropogenic,0.380284545,Tg N
BRA,2005,N2O,anthropogenic,0.355816364,Tg N
BRA,2006,N2O,anthropogenic,0.347588182,Tg N
BRA,2007,N2O,anthropogenic,0.335395455,Tg N
BRA,2008,N2O,anthropogenic,0.339913636,Tg N
BRA,2009,N2O,anthropogenic,0.328465455,Tg N
BRA,2010,N2O,anthropogenic,0.340785455,Tg N
BRA,2011,N2O,anthropogenic,0.353684545,Tg N
BRA,2012,N2O,anthropogenic,0.349280909,Tg N
BRA,2013,N2O,anthropogenic,0.362886364,Tg N
BRA,2014,N2O,anthropogenic,0.366971818,Tg N
BRA,2015,N2O,anthropogenic,0.367461818,Tg N
BRA,2016,N2O,anthropogenic,0.380010909,Tg N
CAN,1990,N2O,anthropogenic,0.083207576,Tg N
CAN,1991,N2O,anthropogenic,0.079988496,Tg N
CAN,1992,N2O,anthropogenic,0.081627523,Tg N
CAN,1993,N2O,anthropogenic,0.081780091,Tg N
CAN,1994,N2O,anthropogenic,0.087846727,Tg N
CAN,1995,N2O,anthropogenic,0.089188197,Tg N
CAN,1996,N2O,anthropogenic,0.093699632,Tg N
CAN,1997,N2O,anthropogenic,0.090921511,Tg N
CAN,1998,N2O,anthropogenic,0.082622844,Tg N
CAN,1999,N2O,anthropogenic,0.078132731,Tg N
CAN,2000,N2O,anthropogenic,0.076987823,Tg N
CAN,2001,N2O,anthropogenic,0.074699113,Tg N
CAN,2002,N2O,anthropogenic,0.0743407,Tg N
CAN,2003,N2O,anthropogenic,0.0776796,Tg N
CAN,2004,N2O,anthropogenic,0.082208677,Tg N
CAN,2005,N2O,anthropogenic,0.080082936,Tg N
CAN,2006,N2O,anthropogenic,0.075101984,Tg N
CAN,2007,N2O,anthropogenic,0.076679778,Tg N
CAN,2008,N2O,anthropogenic,0.079333961,Tg N
CAN,2009,N2O,anthropogenic,0.072074904,Tg N
CAN,2010,N2O,anthropogenic,0.070397252,Tg N
CAN,2011,N2O,anthropogenic,0.070808409,Tg N
CAN,2012,N2O,anthropogenic,0.07349571,Tg N
CAN,2013,N2O,anthropogenic,0.077779794,Tg N
CAN,2014,N2O,anthropogenic,0.074819994,Tg N
CAN,2015,N2O,anthropogenic,0.076405745,Tg N
CAN,2016,N2O,anthropogenic,0.078151538,Tg N
CAN,2017,N2O,anthropogenic,0.076807134,Tg N
CAN,2018,N2O,anthropogenic,0.079532371,Tg N
CAN,2019,N2O,anthropogenic,0.078944499,Tg N
CHN,1994,N2O,anthropogenic,0.542181818,Tg N
CHN,2005,N2O,anthropogenic,0.808181818,Tg N
CHN,2005,N2O,anthropogenic,1.026392962,Tg N
CHN,2010,N2O,anthropogenic,1.121909091,Tg N
CHN,2012,N2O,anthropogenic,1.310985455,Tg N
CHN,2014,N2O,anthropogenic,1.251727273,Tg N
COD,1994,N2O,anthropogenic,0.006477036,Tg N
COD,1999,N2O,anthropogenic,0.019727273,Tg N
COD,2000,N2O,anthropogenic,0.014789091,Tg N
COD,2001,N2O,anthropogenic,0.01358,Tg N
COD,2002,N2O,anthropogenic,0.013484545,Tg N
COD,2003,N2O,anthropogenic,0.013051818,Tg N
COL,1990,N2O,anthropogenic,0.038557478,Tg N
COL,1991,N2O,anthropogenic,0.038791496,Tg N
COL,1992,N2O,anthropogenic,0.038775073,Tg N
COL,1993,N2O,anthropogenic,0.039013196,Tg N
COL,1994,N2O,anthropogenic,0.03981173,Tg N
COL,1995,N2O,anthropogenic,0.038783284,Tg N
COL,1996,N2O,anthropogenic,0.041753666,Tg N
COL,1997,N2O,anthropogenic,0.041102933,Tg N
COL,1998,N2O,anthropogenic,0.040992082,Tg N
COL,1999,N2O,anthropogenic,0.041542229,Tg N
COL,2000,N2O,anthropogenic,0.04042346,Tg N
COL,2001,N2O,anthropogenic,0.040322874,Tg N
COL,2002,N2O,anthropogenic,0.041667449,Tg N
COL,2003,N2O,anthropogenic,0.042638416,Tg N
COL,2004,N2O,anthropogenic,0.044685044,Tg N
COL,2005,N2O,anthropogenic,0.046019355,Tg N
COL,2006,N2O,anthropogenic,0.046150733,Tg N
COL,2007,N2O,anthropogenic,0.0476,Tg N
COL,2008,N2O,anthropogenic,0.046368328,Tg N
COL,2009,N2O,anthropogenic,0.045984457,Tg N
COL,2010,N2O,anthropogenic,0.048991789,Tg N
COL,2011,N2O,anthropogenic,0.045272141,Tg N
COL,2012,N2O,anthropogenic,0.048371848,Tg N
COL,2013,N2O,anthropogenic,0.046015249,Tg N
COL,2014,N2O,anthropogenic,0.046858944,Tg N
EUA,1990,N2O,anthropogenic,0.867118616,Tg N
EUA,1991,N2O,anthropogenic,0.828023529,Tg N
EUA,1992,N2O,anthropogenic,0.79570212,Tg N
EUA,1993,N2O,anthropogenic,0.773616708,Tg N
EUA,1994,N2O,anthropogenic,0.781368077,Tg N
EUA,1995,N2O,anthropogenic,0.782868596,Tg N
EUA,1996,N2O,anthropogenic,0.795731595,Tg N
EUA,1997,N2O,anthropogenic,0.788377131,Tg N
EUA,1998,N2O,anthropogenic,0.741894344,Tg N
EUA,1999,N2O,anthropogenic,0.697047617,Tg N
EUA,2000,N2O,anthropogenic,0.692219639,Tg N
EUA,2001,N2O,anthropogenic,0.687240357,Tg N
EUA,2002,N2O,anthropogenic,0.661796728,Tg N
EUA,2003,N2O,anthropogenic,0.65648515,Tg N
EUA,2004,N2O,anthropogenic,0.664686585,Tg N
EUA,2005,N2O,anthropogenic,0.651191695,Tg N
EUA,2006,N2O,anthropogenic,0.626228422,Tg N
EUA,2007,N2O,anthropogenic,0.630376596,Tg N
EUA,2008,N2O,anthropogenic,0.604594714,Tg N
EUA,2009,N2O,anthropogenic,0.573822854,Tg N
EUA,2010,N2O,anthropogenic,0.552145947,Tg N
EUA,2011,N2O,anthropogenic,0.540827158,Tg N
EUA,2012,N2O,anthropogenic,0.53837009,Tg N
EUA,2013,N2O,anthropogenic,0.538510948,Tg N
EUA,2014,N2O,anthropogenic,0.545842188,Tg N
EUA,2015,N2O,anthropogenic,0.547674726,Tg N
EUA,2016,N2O,anthropogenic,0.546189693,Tg N
EUA,2017,N2O,anthropogenic,0.556916087,Tg N
EUA,2018,N2O,anthropogenic,0.547016846,Tg N
EUA,2019,N2O,anthropogenic,0.543225454,Tg N
IDN,1990,N2O,anthropogenic,0.038799091,Tg N
IDN,1991,N2O,anthropogenic,0.039276364,Tg N
IDN,1992,N2O,anthropogenic,0.041077273,Tg N
IDN,1993,N2O,anthropogenic,0.039950909,Tg N
IDN,1994,N2O,anthropogenic,0.038888182,Tg N
IDN,2000,N2O,anthropogenic,0.058502818,Tg N
IDN,2012,N2O,anthropogenic,0.121106158,Tg N
IDN,2014,N2O,anthropogenic,0.123048094,Tg N
IDN,2016,N2O,anthropogenic,0.127529326,Tg N
IND,1994,N2O,anthropogenic,0.113555273,Tg N
IND,2000,N2O,anthropogenic,0.168110345,Tg N
IND,2010,N2O,anthropogenic,0.235957273,Tg N
IND,2014,N2O,anthropogenic,0.303360909,Tg N
IND,2016,N2O,anthropogenic,0.301,Tg N
IRN,1994,N2O,anthropogenic,0.044460818,Tg N
IRN,2000,N2O,anthropogenic,0.082410491,Tg N
IRN,2010,N2O,anthropogenic,0.053390909,Tg N
IRQ,1997,N2O,anthropogenic,0.011454545,Tg N
KAZ,1990,N2O,anthropogenic,0.037995054,Tg N
KAZ,1991,N2O,anthropogenic,0.037262717,Tg N
KAZ,1992,N2O,anthropogenic,0.039694476,Tg N
KAZ,1993,N2O,anthropogenic,0.037807004,Tg N
KAZ,1994,N2O,anthropogenic,0.033459412,Tg N
KAZ,1995,N2O,anthropogenic,0.031967708,Tg N
KAZ,1996,N2O,anthropogenic,0.030405549,Tg N
KAZ,1997,N2O,anthropogenic,0.031188517,Tg N
KAZ,1998,N2O,anthropogenic,0.032130388,Tg N
KAZ,1999,N2O,anthropogenic,0.035611321,Tg N
KAZ,2000,N2O,anthropogenic,0.038396134,Tg N
KAZ,2001,N2O,anthropogenic,0.039987458,Tg N
KAZ,2002,N2O,anthropogenic,0.041655367,Tg N
KAZ,2003,N2O,anthropogenic,0.043695984,Tg N
KAZ,2004,N2O,anthropogenic,0.044931792,Tg N
KAZ,2005,N2O,anthropogenic,0.046478156,Tg N
KAZ,2006,N2O,anthropogenic,0.048572541,Tg N
KAZ,2007,N2O,anthropogenic,0.047269915,Tg N
KAZ,2008,N2O,anthropogenic,0.044164881,Tg N
KAZ,2009,N2O,anthropogenic,0.04267774,Tg N
KAZ,2010,N2O,anthropogenic,0.039966196,Tg N
KAZ,2011,N2O,anthropogenic,0.037928159,Tg N
KAZ,2012,N2O,anthropogenic,0.034757781,Tg N
KAZ,2013,N2O,anthropogenic,0.032408221,Tg N
KAZ,2014,N2O,anthropogenic,0.033557532,Tg N
KAZ,2015,N2O,anthropogenic,0.034194116,Tg N
KAZ,2016,N2O,anthropogenic,0.034870007,Tg N
KAZ,2017,N2O,anthropogenic,0.036339738,Tg N
KAZ,2018,N2O,anthropogenic,0.03720138,Tg N
KAZ,2019,N2O,anthropogenic,0.037023441,Tg N
KWT,1994,N2O,anthropogenic,0.00028,Tg N
KWT,2000,N2O,anthropogenic,0.000388182,Tg N
KWT,2016,N2O,anthropogenic,0.000868636,Tg N
MEX,1990,N2O,anthropogenic,0.076110364,Tg N
MEX,1991,N2O,anthropogenic,0.076015217,Tg N
MEX,1992,N2O,anthropogenic,0.075450311,Tg N
MEX,1993,N2O,anthropogenic,0.075288428,Tg N
MEX,1994,N2O,anthropogenic,0.076066701,Tg N
MEX,1995,N2O,anthropogenic,0.074884563,Tg N
MEX,1996,N2O,anthropogenic,0.076141771,Tg N
MEX,1997,N2O,anthropogenic,0.076375891,Tg N
MEX,1998,N2O,anthropogenic,0.079394205,Tg N
MEX,1999,N2O,anthropogenic,0.076620132,Tg N
MEX,2000,N2O,anthropogenic,0.076386874,Tg N
MEX,2001,N2O,anthropogenic,0.077411707,Tg N
MEX,2002,N2O,anthropogenic,0.073256191,Tg N
MEX,2003,N2O,anthropogenic,0.074287716,Tg N
MEX,2004,N2O,anthropogenic,0.07442166,Tg N
MEX,2005,N2O,anthropogenic,0.077708848,Tg N
MEX,2006,N2O,anthropogenic,0.077228393,Tg N
MEX,2007,N2O,anthropogenic,0.079483604,Tg N
MEX,2008,N2O,anthropogenic,0.077381346,Tg N
MEX,2009,N2O,anthropogenic,0.078180845,Tg N
MEX,2010,N2O,anthropogenic,0.079893422,Tg N
MEX,2011,N2O,anthropogenic,0.081729927,Tg N
MEX,2012,N2O,anthropogenic,0.082318317,Tg N
MEX,2013,N2O,anthropogenic,0.083440821,Tg N
MEX,2014,N2O,anthropogenic,0.084632566,Tg N
MEX,2015,N2O,anthropogenic,0.084263147,Tg N
MNG,1990,N2O,anthropogenic,0.008520909,Tg N
MNG,1991,N2O,anthropogenic,6.36E-05,Tg N
MNG,1992,N2O,anthropogenic,6.36E-05,Tg N
MNG,1993,N2O,anthropogenic,6.36E-05,Tg N
MNG,1994,N2O,anthropogenic,6.36E-05,Tg N
MNG,1995,N2O,anthropogenic,6.36E-05,Tg N
MNG,1996,N2O,anthropogenic,6.36E-05,Tg N
MNG,1997,N2O,anthropogenic,6.36E-05,Tg N
MNG,1998,N2O,anthropogenic,6.36E-05,Tg N
MNG,2006,N2O,anthropogenic,0.000941818,Tg N
MNG,2014,N2O,anthropogenic,0.014451818,Tg N
NGA,2000,N2O,anthropogenic,0.046263636,Tg N
NGA,2001,N2O,anthropogenic,0.048872727,Tg N
NGA,2002,N2O,anthropogenic,0.049254545,Tg N
NGA,2003,N2O,anthropogenic,0.050145455,Tg N
NGA,2004,N2O,anthropogenic,0.051354545,Tg N
NGA,2005,N2O,anthropogenic,0.054090909,Tg N
NGA,2006,N2O,anthropogenic,0.055109091,Tg N
NGA,2007,N2O,anthropogenic,0.055809091,Tg N
NGA,2008,N2O,anthropogenic,0.057145455,Tg N
NGA,2009,N2O,anthropogenic,0.058481818,Tg N
NGA,2010,N2O,anthropogenic,0.060963636,Tg N
NGA,2011,N2O,anthropogenic,0.0644,Tg N
NGA,2012,N2O,anthropogenic,0.0665,Tg N
NGA,2013,N2O,anthropogenic,0.069045455,Tg N
NGA,2014,N2O,anthropogenic,0.070127273,Tg N
NGA,2015,N2O,anthropogenic,0.069618182,Tg N
NGA,2016,N2O,anthropogenic,0.072927273,Tg N
OMN,1994,N2O,anthropogenic,0.014548545,Tg N
PAK,1994,N2O,anthropogenic,0.023481818,Tg N
PAK,2008,N2O,anthropogenic,0.061090909,Tg N
PAK,2012,N2O,anthropogenic,0.165454545,Tg N
QAT,2007,N2O,anthropogenic,0.000927182,Tg N
RUS,1990,N2O,anthropogenic,0.320216021,Tg N
RUS,1991,N2O,anthropogenic,0.309539245,Tg N
RUS,1992,N2O,anthropogenic,0.287181834,Tg N
RUS,1993,N2O,anthropogenic,0.264477482,Tg N
RUS,1994,N2O,anthropogenic,0.233889681,Tg N
RUS,1995,N2O,anthropogenic,0.217109678,Tg N
RUS,1996,N2O,anthropogenic,0.210784378,Tg N
RUS,1997,N2O,anthropogenic,0.201045089,Tg N
RUS,1998,N2O,anthropogenic,0.194339713,Tg N
RUS,1999,N2O,anthropogenic,0.184324582,Tg N
RUS,2000,N2O,anthropogenic,0.189965321,Tg N
RUS,2001,N2O,anthropogenic,0.188113091,Tg N
RUS,2002,N2O,anthropogenic,0.189817213,Tg N
RUS,2003,N2O,anthropogenic,0.18923822,Tg N
RUS,2004,N2O,anthropogenic,0.182928618,Tg N
RUS,2005,N2O,anthropogenic,0.187338149,Tg N
RUS,2006,N2O,anthropogenic,0.192224062,Tg N
RUS,2007,N2O,anthropogenic,0.194504222,Tg N
RUS,2008,N2O,anthropogenic,0.20122913,Tg N
RUS,2009,N2O,anthropogenic,0.208685228,Tg N
RUS,2010,N2O,anthropogenic,0.179821874,Tg N
RUS,2011,N2O,anthropogenic,0.18930009,Tg N
RUS,2012,N2O,anthropogenic,0.184323046,Tg N
RUS,2013,N2O,anthropogenic,0.18655446,Tg N
RUS,2014,N2O,anthropogenic,0.192401185,Tg N
RUS,2015,N2O,anthropogenic,0.201832562,Tg N
RUS,2016,N2O,anthropogenic,0.205899836,Tg N
RUS,2017,N2O,anthropogenic,0.210012552,Tg N
RUS,2018,N2O,anthropogenic,0.217615594,Tg N
RUS,2019,N2O,anthropogenic,0.212489676,Tg N
SAU,1990,N2O,anthropogenic,0.021505973,Tg N
SAU,2000,N2O,anthropogenic,0.024198364,Tg N
SAU,2010,N2O,anthropogenic,0.021933227,Tg N
SAU,2012,N2O,anthropogenic,0.024735455,Tg N
SDN,1995,N2O,anthropogenic,0.021,Tg N
SDN,2000,N2O,anthropogenic,0.036527273,Tg N
THA,1994,N2O,anthropogenic,0.035548545,Tg N
THA,2000,N2O,anthropogenic,0.025454545,Tg N
THA,2011,N2O,anthropogenic,0.035755589,Tg N
THA,2013,N2O,anthropogenic,0.035216364,Tg N
THA,2016,N2O,anthropogenic,0.035038182,Tg N
TKM,1994,N2O,anthropogenic,0.001866009,Tg N
TKM,2000,N2O,anthropogenic,0.002858877,Tg N
TKM,2004,N2O,anthropogenic,0.003655845,Tg N
TKM,2010,N2O,anthropogenic,0.003372892,Tg N
USA,1990,N2O,anthropogenic,0.972978174,Tg N
USA,1991,N2O,anthropogenic,0.953122685,Tg N
USA,1992,N2O,anthropogenic,0.952578323,Tg N
USA,1993,N2O,anthropogenic,1.0130984,Tg N
USA,1994,N2O,anthropogenic,0.983625944,Tg N
USA,1995,N2O,anthropogenic,1.008172463,Tg N
USA,1996,N2O,anthropogenic,1.035356157,Tg N
USA,1997,N2O,anthropogenic,1.003850761,Tg N
USA,1998,N2O,anthropogenic,1.005768889,Tg N
USA,1999,N2O,anthropogenic,0.985931048,Tg N
USA,2000,N2O,anthropogenic,0.960123475,Tg N
USA,2001,N2O,anthropogenic,0.992062354,Tg N
USA,2002,N2O,anthropogenic,0.999288701,Tg N
USA,2003,N2O,anthropogenic,0.997793521,Tg N
USA,2004,N2O,anthropogenic,1.022051436,Tg N
USA,2005,N2O,anthropogenic,0.989350504,Tg N
USA,2006,N2O,anthropogenic,0.979013857,Tg N
USA,2007,N2O,anthropogenic,1.011203554,Tg N
USA,2008,N2O,anthropogenic,0.966351856,Tg N
USA,2009,N2O,anthropogenic,0.966330039,Tg N
USA,2010,N2O,anthropogenic,0.982004883,Tg N
USA,2011,N2O,anthropogenic,0.963251777,Tg N
USA,2012,N2O,anthropogenic,0.909328554,Tg N
USA,2013,N2O,anthropogenic,1.000848167,Tg N
USA,2014,N2O,anthropogenic,1.027146921,Tg N
USA,2015,N2O,anthropogenic,1.023963974,Tg N
USA,2016,N2O,anthropogenic,0.974356379,Tg N
USA,2017,N2O,anthropogenic,0.975705111,Tg N
USA,2018,N2O,anthropogenic,1.001251327,Tg N
USA,2019,N2O,anthropogenic,0.996854175,Tg N
VEN,1999,N2O,anthropogenic,0.033154545,Tg N
VEN,2010,N2O,anthropogenic,0.027363636,Tg N
ZAF,1990,N2O,anthropogenic,0.047835455,Tg N
ZAF,1994,N2O,anthropogenic,0.042439091,Tg N
ZAF,2000,N2O,anthropogenic,0.058396726,Tg N
ZAF,2001,N2O,anthropogenic,0.058180427,Tg N
ZAF,2002,N2O,anthropogenic,0.05915976,Tg N
ZAF,2003,N2O,anthropogenic,0.055868363,Tg N
ZAF,2004,N2O,anthropogenic,0.05654465,Tg N
ZAF,2005,N2O,anthropogenic,0.057986379,Tg N
ZAF,2006,N2O,anthropogenic,0.058503532,Tg N
ZAF,2007,N2O,anthropogenic,0.0557177,Tg N
ZAF,2008,N2O,anthropogenic,0.05538477,Tg N
ZAF,2009,N2O,anthropogenic,0.0546218,Tg N
ZAF,2010,N2O,anthropogenic,0.055593437,Tg N
ZAF,2011,N2O,anthropogenic,0.056680458,Tg N
ZAF,2012,N2O,anthropogenic,0.05513547,Tg N
ZAF,2015,N2O,anthropogenic,0.050062727,Tg N